법정동,위험요인그룹,shap_value
강남구_개포동,지반,0.2703401178804603
강남구_개포동,침수,-0.009270687807992723
강남구_개포동,지하 공사,1.3319420075890847
강남구_개포동,하수관,1.1436540953945853
강남구_개포동,지하시설물,-0.2380741380430943
강남구_논현동,지반,0.15998949686258737
강남구_논현동,침수,-0.013233039144362685
강남구_논현동,지하 공사,1.0188160926739531
강남구_논현동,하수관,1.0545590790489225
강남구_논현동,지하시설물,0.5207962921475741
강남구_대치동,지반,0.16339191315875912
강남구_대치동,침수,-0.016539451485787414
강남구_대치동,지하 공사,0.9649662844637243
강남구_대치동,하수관,1.079090777323035
강남구_대치동,지하시설물,0.5241987084437458
강남구_도곡동,지반,0.18184211048257015
강남구_도곡동,침수,-0.014203377752288741
강남구_도곡동,지하 공사,0.5750432999237897
강남구_도곡동,하수관,0.9187522737798953
강남구_도곡동,지하시설물,0.4967118777652013
강남구_삼성동,지반,0.1505601837404623
강남구_삼성동,침수,-0.013607541193491496
강남구_삼성동,지하 공사,1.2978437464394708
강남구_삼성동,하수관,1.02877917596902
강남구_삼성동,지하시설물,0.5048461878413882
강남구_세곡동,지반,0.3375156020489666
강남구_세곡동,침수,-0.0026760308531643007
강남구_세곡동,지하 공사,-0.27772923569674357
강남구_세곡동,하수관,0.9756758253513635
강남구_세곡동,지하시설물,-0.22307071479772766
강남구_수서동,지반,0.12455500795598984
강남구_수서동,침수,-0.013571002746792099
강남구_수서동,지하 공사,1.1716309864047616
강남구_수서동,하수관,1.1264442860491022
강남구_수서동,지하시설물,0.40243823013314983
강남구_신사동,지반,0.15998949686258737
강남구_신사동,침수,-0.016510002062891323
강남구_신사동,지하 공사,0.9159035791493835
강남구_신사동,하수관,1.0625590723413456
강남구_신사동,지하시설물,0.5207962921475741
강남구_압구정동,지반,0.3836286848418275
강남구_압구정동,침수,-0.0028082476703159154
강남구_압구정동,지하 공사,-0.10152157379343664
강남구_압구정동,하수관,0.8872783172626578
강남구_압구정동,지하시설물,-0.2603229728001904
강남구_역삼동,지반,0.15806990753060177
강남구_역삼동,침수,-0.013233039144362685
강남구_역삼동,지하 공사,1.1580018625160549
강남구_역삼동,하수관,1.044777471576468
강남구_역삼동,지하시설물,0.5195317203242397
강남구_율현동,지반,0.22272031671725112
강남구_율현동,침수,-0.0026760308531643007
강남구_율현동,지하 공사,-0.2804004678426764
강남구_율현동,하수관,0.8778759622520041
강남구_율현동,지하시설물,-0.23007352665867975
강남구_일원동,지반,0.18184211048257015
강남구_일원동,침수,-0.014203377752288741
강남구_일원동,지하 공사,0.5899060956314036
강남구_일원동,하수관,0.9073196814224915
강남구_일원동,지하시설물,0.4967118777652013
강남구_자곡동,지반,0.2940069677525512
강남구_자곡동,침수,-0.010727197007314657
강남구_자곡동,지하 공사,0.6799248320032558
강남구_자곡동,하수관,1.1666053152498008
강남구_자곡동,지하시설물,-0.2573770894311237
강남구_청담동,지반,-0.14557305453721586
강남구_청담동,침수,-0.010907229439061101
강남구_청담동,지하 공사,1.531992175920047
강남구_청담동,하수관,1.1067161320131018
강남구_청담동,지하시설물,0.5134829961684457
강동구_강일동,지반,-0.5272460651449654
강동구_강일동,침수,-0.005952215582276519
강동구_강일동,지하 공사,-0.3688781378143843
강동구_강일동,하수관,0.5802667146166929
강동구_강일동,지하시설물,-0.2609505235261978
강동구_고덕동,지반,0.14958333245502262
강동구_고덕동,침수,-0.026340455768335963
강동구_고덕동,지하 공사,0.21623488916428252
강동구_고덕동,하수관,0.43264252171155426
강동구_고덕동,지하시설물,0.31887085335901005
강동구_길동,지반,0.05735319355470321
강동구_길동,침수,-0.032328357037596345
강동구_길동,지하 공사,0.9100648281368624
강동구_길동,하수관,0.4890830528977852
강동구_길동,지하시설물,0.34540088404662833
강동구_둔촌동,지반,0.028369498412223748
강동구_둔촌동,침수,-0.0263417484546144
강동구_둔촌동,지하 공사,0.27093019693562514
강동구_둔촌동,하수관,0.38556011881900293
강동구_둔촌동,지하시설물,0.4384777163012248
강동구_명일동,지반,0.040327389915942286
강동구_명일동,침수,-0.03232706435131791
강동구_명일동,지하 공사,1.1075140655767926
강동구_명일동,하수관,0.5325639023181945
강동구_명일동,지하시설물,0.4473774158371493
강동구_상일동,지반,0.015027590761040856
강동구_상일동,침수,-0.023401456452236735
강동구_상일동,지하 공사,0.5882368734508476
강동구_상일동,하수관,0.3620728792880754
강동구_상일동,지하시설물,0.42365203712646554
강동구_성내동,지반,-0.19143071486459803
강동구_성내동,침수,-0.032328357037596345
강동구_성내동,지하 공사,1.1803020310018097
강동구_성내동,하수관,0.5369971036409377
강동구_성내동,지하시설물,0.4904040323857666
강동구_암사동,지반,0.17718784168730817
강동구_암사동,침수,-0.024549077957199142
강동구_암사동,지하 공사,-0.3589579936828308
강동구_암사동,하수관,0.3876264411672478
강동구_암사동,지하시설물,0.3235917653772229
강동구_천호동,지반,0.09455300584874848
강동구_천호동,침수,-0.03232706435131791
강동구_천호동,지하 공사,0.8195401758827784
강동구_천호동,하수관,0.5368821021789794
강동구_천호동,지하시설물,0.45675161328258357
강북구_미아동,지반,0.14782698392121962
강북구_미아동,침수,-0.04889298031049285
강북구_미아동,지하 공사,0.24530283904803354
강북구_미아동,하수관,-0.1522509369879782
강북구_미아동,지하시설물,0.6366584144180273
강북구_번동,지반,-0.566621975088643
강북구_번동,침수,-0.012315313899184168
강북구_번동,지하 공사,0.02384372427965608
강북구_번동,하수관,0.3336594902706318
강북구_번동,지하시설물,-0.38128556795504664
강북구_수유동,지반,0.25362106101666226
강북구_수유동,침수,-0.03444045740523678
강북구_수유동,지하 공사,-0.09983475445803947
강북구_수유동,하수관,0.5839796167555292
강북구_수유동,지하시설물,0.40346555498726694
강북구_우이동,지반,-0.6176329428462841
강북구_우이동,침수,-0.012858717135267603
강북구_우이동,지하 공사,-0.18503743236958223
강북구_우이동,하수관,0.40042964716844026
강북구_우이동,지하시설물,-0.3500697572977473
강서구_가양동,지반,0.2523267592528284
강서구_가양동,침수,-0.009835270652711139
강서구_가양동,지하 공사,0.4046156676990087
강서구_가양동,하수관,1.0117884797080618
강서구_가양동,지하시설물,-0.2751793319609265
강서구_개화동,지반,0.23381403681763496
강서구_개화동,침수,-0.001784104498560781
강서구_개화동,지하 공사,-0.22893964936395686
강서구_개화동,하수관,1.24568043857516
강서구_개화동,지하시설물,-0.2450474367368281
강서구_공항동,지반,0.14511110869439342
강서구_공항동,침수,-0.015647525131183896
강서구_공항동,지하 공사,0.7967776360915929
강서구_공항동,하수관,0.9874483512418073
강서구_공항동,지하시설물,0.43320742160355175
강서구_과해동,지반,-0.5194074412743857
강서구_과해동,침수,-0.001784104498560781
강서구_과해동,지하 공사,-0.313447341067951
강서구_과해동,하수관,1.1777907567440853
강서구_과해동,지하시설물,-0.33540024829678083
강서구_내발산동,지반,0.3153291930624643
강서구_내발산동,침수,-0.004252395049211072
강서구_내발산동,지하 공사,0.18759561046952644
강서구_내발산동,하수관,1.2167898650007183
강서구_내발산동,지하시설물,-0.2778905637203378
강서구_등촌동,지반,0.2523267592528284
강서구_등촌동,침수,-0.01020955420929693
강서구_등촌동,지하 공사,0.7584788929516182
강서구_등촌동,하수관,0.9973116934808701
강서구_등촌동,지하시설물,-0.26935623717893886
강서구_마곡동,지반,0.15105448098087731
강서구_마곡동,침수,-0.01469169028125089
강서구_마곡동,지하 공사,0.6382893605136833
강서구_마곡동,하수관,0.971306038215925
강서구_마곡동,지하시설물,0.6075139501950115
강서구_방화동,지반,0.20750920127220154
강서구_방화동,침수,-0.007324842814703275
강서구_방화동,지하 공사,-0.01287342459905573
강서구_방화동,하수관,1.042233990386068
강서구_방화동,지하시설물,0.5585647683431394
강서구_염창동,지반,0.31696084122345947
강서구_염창동,침수,-0.01023900363219302
강서구_염창동,지하 공사,0.6553389968980815
강서구_염창동,하수관,0.9901683898836384
강서구_염창동,지하시설물,-0.2637473009619143
강서구_오곡동,지반,0.23680296735787276
강서구_오곡동,침수,-0.001784104498560781
강서구_오곡동,지하 공사,-0.2443969516036963
강서구_오곡동,하수관,1.1548076440654698
강서구_오곡동,지하시설물,-0.23438271198135316
강서구_오쇠동,지반,0.3446594935860264
강서구_오쇠동,침수,-0.001784104498560781
강서구_오쇠동,지하 공사,-0.2353326844108601
강서구_오쇠동,하수관,1.2523018143587201
강서구_오쇠동,지하시설물,-0.22652848325763367
강서구_외발산동,지반,0.3446594935860264
강서구_외발산동,침수,-0.001784104498560781
강서구_외발산동,지하 공사,-0.2353326844108601
강서구_외발산동,하수관,1.2523018143587201
강서구_외발산동,지하시설물,-0.22652848325763367
강서구_화곡동,지반,0.14765206468470557
강서구_화곡동,침수,-0.015618075708287809
강서구_화곡동,지하 공사,0.8357946330698589
강서구_화곡동,하수관,0.991053688819879
강서구_화곡동,지하시설물,0.559484118426801
관악구_남현동,지반,0.3447218256404193
관악구_남현동,침수,-0.010467708551687287
관악구_남현동,지하 공사,-0.21909784099090174
관악구_남현동,하수관,-0.061500287418478544
관악구_남현동,지하시설물,-0.35648981614303804
관악구_봉천동,지반,0.15293868045100945
관악구_봉천동,침수,-0.029881217096841762
관악구_봉천동,지하 공사,0.6966817833412364
관악구_봉천동,하수관,0.1487290492418044
관악구_봉천동,지하시설물,0.8347986202146318
관악구_신림동,지반,0.12069573052963892
관악구_신림동,침수,-0.029881217096841762
관악구_신림동,지하 공사,0.6301956273173437
관악구_신림동,하수관,0.24630991246238682
관악구_신림동,지하시설물,0.6645935550130596
광진구_광장동,지반,0.04283866654156111
광진구_광장동,침수,-0.04761695339883042
광진구_광장동,지하 공사,0.6947375347101156
광진구_광장동,하수관,-0.49556698579012504
광진구_광장동,지하시설물,0.36533172471558917
광진구_구의동,지반,0.08670523200922658
광진구_구의동,침수,-0.029503646686385096
광진구_구의동,지하 공사,0.09428128243929611
광진구_구의동,하수관,-0.2301008216301255
광진구_구의동,지하시설물,0.542942177974423
광진구_군자동,지반,0.09685117703992915
광진구_군자동,침수,-0.019000805351475074
광진구_군자동,지하 공사,0.16202621431341693
광진구_군자동,하수관,-0.10549955126379772
광진구_군자동,지하시설물,-0.2502982921408985
광진구_능동,지반,0.06167797076792762
광진구_능동,침수,-0.04058383830772269
광진구_능동,지하 공사,0.2739051041007275
광진구_능동,하수관,-0.29104769102395667
광진구_능동,지하시설물,0.5680601828127794
광진구_자양동,지반,0.03943625024538937
광진구_자양동,침수,-0.04761566071255198
광진구_자양동,지하 공사,0.502573677146668
광진구_자양동,하수관,-0.49322603213126004
광진구_자양동,지하시설물,0.35610621363742995
광진구_중곡동,지반,0.0975167731878086
광진구_중곡동,침수,-0.030047049922468524
광진구_중곡동,지하 공사,-0.24139795920190027
광진구_중곡동,하수관,-0.2446078392400356
광진구_중곡동,지하시설물,0.35603320108112835
광진구_화양동,지반,0.10895091597521359
광진구_화양동,침수,-0.030047049922468524
광진구_화양동,지하 공사,-0.27335271713564097
광진구_화양동,하수관,-0.224770420677178
광진구_화양동,지하시설물,0.448260556539987
구로구_가리봉동,지반,-0.3546056676813169
구로구_가리봉동,침수,-0.005493888241358151
구로구_가리봉동,지하 공사,0.36021104812092053
구로구_가리봉동,하수관,0.5970329003049831
구로구_가리봉동,지하시설물,-0.4402080492439194
구로구_개봉동,지반,-0.32147624312255557
구로구_개봉동,침수,-0.005118311998493923
구로구_개봉동,지하 공사,0.24406415358689001
구로구_개봉동,하수관,0.5893701442582899
구로구_개봉동,지하시설물,-0.42345517884869155
구로구_고척동,지반,-0.3268441796704131
구로구_고척동,침수,-0.012198988264992883
구로구_고척동,지하 공사,1.0359896850634982
구로구_고척동,하수관,0.5430475375638436
구로구_고척동,지하시설물,-0.4157393897318806
구로구_구로동,지반,-0.1203962054762319
구로구_구로동,침수,-0.017606217077705322
구로구_구로동,지하 공사,0.9664778638484983
구로구_구로동,하수관,0.6573692346018826
구로구_구로동,지하시설물,0.8575144585601229
구로구_궁동,지반,-0.48225040935222574
구로구_궁동,침수,-0.003701217743942907
구로구_궁동,지하 공사,-0.34565297905943426
구로구_궁동,하수관,0.46948854095984816
구로구_궁동,지하시설물,-0.3875223965668045
구로구_신도림동,지반,0.1870733884842588
구로구_신도림동,침수,-0.009109739242933781
구로구_신도림동,지하 공사,-0.35139302144006795
구로구_신도림동,하수관,0.6757338523452121
구로구_신도림동,지하시설물,0.5787184538792289
구로구_오류동,지반,-0.3268441796704131
구로구_오류동,침수,-0.012198988264992883
구로구_오류동,지하 공사,0.7673544564329455
구로구_오류동,하수관,0.484213185645757
구로구_오류동,지하시설물,-0.42156248451386813
구로구_온수동,지반,-0.1469516398142289
구로구_온수동,침수,-0.0146672177616061
구로구_온수동,지하 공사,1.2659861681185258
구로구_온수동,하수관,0.6220751371757149
구로구_온수동,지하시설물,0.6164232518473045
구로구_천왕동,지반,0.14338353960556421
구로구_천왕동,침수,-0.009109739242933781
구로구_천왕동,지하 공사,-0.32436869351202946
구로구_천왕동,하수관,0.6575044323472081
구로구_천왕동,지하시설물,0.533251457176169
구로구_항동,지반,-0.4310220512640154
구로구_항동,침수,-0.011823412022128655
구로구_항동,지하 공사,0.8536584624860287
구로구_항동,하수관,0.5167408144510333
구로구_항동,지하시설물,-0.42296635206409633
금천구_가산동,지반,0.13738731603549298
금천구_가산동,침수,-0.047077039290521275
금천구_가산동,지하 공사,-0.05413735107337185
금천구_가산동,하수관,-0.025835151554302077
금천구_가산동,지하시설물,0.2620165168140619
금천구_독산동,지반,0.2815296021246736
금천구_독산동,침수,-0.025495299020552097
금천구_독산동,지하 공사,0.01302126538233278
금천구_독산동,하수관,0.2795309225726289
금천구_독산동,지하시설물,-0.1917799959971381
금천구_시흥동,지반,0.2954199947265364
금천구_시흥동,침수,-0.025495299020552097
금천구_시흥동,지하 공사,0.023940567891436837
금천구_시흥동,하수관,0.2628420300804385
금천구_시흥동,지하시설물,-0.19362156785381193
노원구_공릉동,지반,0.06242670559517544
노원구_공릉동,침수,-0.03138213759847953
노원구_공릉동,지하 공사,1.0398408762793614
노원구_공릉동,하수관,0.6395296059888531
노원구_공릉동,지하시설물,0.4453213812368586
노원구_상계동,지반,-0.13387518596946146
노원구_상계동,침수,-0.028787972416070007
노원구_상계동,지하 공사,1.4489419274284667
노원구_상계동,하수관,0.6269359558209637
노원구_상계동,지하시설물,0.5782894902699094
노원구_월계동,지반,0.06611060158275349
노원구_월계동,침수,-0.02841368885948422
노원구_월계동,지하 공사,1.1232271903934556
노원구_월계동,하수관,0.591666305303407
노원구_월계동,지하시설물,0.3003397832110243
노원구_중계동,지반,0.06409220143404609
노원구_중계동,침수,-0.025366079592601495
노원구_중계동,지하 공사,0.16680768716790706
노원구_중계동,하수관,0.46749864471562136
노원구_중계동,지하시설물,0.34393221508549626
노원구_하계동,지반,0.10437695810227246
노원구_하계동,침수,-0.023059455281998903
노원구_하계동,지하 공사,-0.048297576415436014
노원구_하계동,하수관,0.345413171418634
노원구_하계동,지하시설물,0.3584433252729717
도봉구_도봉동,지반,0.232879637864446
도봉구_도봉동,침수,-0.028054785303130686
도봉구_도봉동,지하 공사,-0.07971325963226304
도봉구_도봉동,하수관,1.293032519413023
도봉구_도봉동,지하시설물,0.22482518456446335
도봉구_방학동,지반,0.27997638745320463
도봉구_방학동,침수,-0.006473045033161503
도봉구_방학동,지하 공사,-0.07422391665823429
도봉구_방학동,하수관,1.5636501441076764
도봉구_방학동,지하시설물,-0.14176482510041644
도봉구_쌍문동,지반,0.4297639799187104
도봉구_쌍문동,침수,-0.00692187357853241
도봉구_쌍문동,지하 공사,-0.0524046384120442
도봉구_쌍문동,하수관,1.622988563660636
도봉구_쌍문동,지하시설물,-0.1325160889076786
도봉구_창동,지반,0.18429220876019528
도봉구_창동,침수,-0.03655255582418067
도봉구_창동,지하 공사,0.29160010029404126
도봉구_창동,하수관,0.48159989662598146
도봉구_창동,지하시설물,0.37946262792860364
동대문구_답십리동,지반,0.2680647638792593
동대문구_답십리동,침수,-0.026033920442582802
동대문구_답십리동,지하 공사,0.9222491029941802
동대문구_답십리동,하수관,0.23557748104782472
동대문구_답십리동,지하시설물,-0.19454587626022204
동대문구_신설동,지반,0.11709852532451401
동대문구_신설동,침수,-0.04761695339883042
동대문구_신설동,지하 공사,0.8194945874658135
동대문구_신설동,하수관,-0.024866297209555473
동대문구_신설동,지하시설물,0.3916975649254676
동대문구_용두동,지반,0.13072191266710315
동대문구_용두동,침수,-0.04761566071255198
동대문구_용두동,지하 공사,0.8591242652387592
동대문구_용두동,하수관,-0.016573440991267487
동대문구_용두동,지하시설물,0.3039415037136856
동대문구_이문동,지반,0.3205522814831593
동대문구_이문동,침수,-0.014955021507523637
동대문구_이문동,지하 공사,0.47440037049192096
동대문구_이문동,하수관,0.23097895613551547
동대문구_이문동,지하시설물,-0.19712103302237
동대문구_장안동,지반,0.1067030076558844
동대문구_장안동,침수,-0.04761566071255198
동대문구_장안동,지하 공사,0.9333223762340549
동대문구_장안동,하수관,0.00437430960936633
동대문구_장안동,지하시설물,0.31734350843025866
동대문구_전농동,지반,0.13072191266710315
동대문구_전농동,침수,-0.04761566071255198
동대문구_전농동,지하 공사,0.7759318841944544
동대문구_전농동,하수관,-0.008808485547935669
동대문구_전농동,지하시설물,0.3039415037136856
동대문구_제기동,지반,0.17438349631927857
동대문구_제기동,침수,-0.030047049922468524
동대문구_제기동,지하 공사,-0.32138501883583903
동대문구_제기동,하수관,-0.03528951733028531
동대문구_제기동,지하시설물,0.26775992840113627
동대문구_청량리동,지반,0.2838747458131078
동대문구_청량리동,침수,-0.02603521312886124
동대문구_청량리동,지하 공사,0.7584271628094568
동대문구_청량리동,하수관,0.22310339052553668
동대문구_청량리동,지하시설물,-0.19832208915377153
동대문구_회기동,지반,0.3437155050662055
동대문구_회기동,침수,-0.008465309652499347
동대문구_회기동,지하 공사,-0.26903199986139853
동대문구_회기동,하수관,0.21856232686644456
동대문구_회기동,지하시설물,-0.14556183228393269
동대문구_휘경동,지반,0.30046783616034356
동대문구_휘경동,침수,-0.01900209803775351
동대문구_휘경동,지하 공사,0.19225135357997508
동대문구_휘경동,하수관,0.2637209697058322
동대문구_휘경동,지하시설물,-0.20667417526019355
동작구_노량진동,지반,0.2402218417062884
동작구_노량진동,침수,-0.025659636885997015
동작구_노량진동,지하 공사,0.28431128785829296
동작구_노량진동,하수관,0.07228761792181049
동작구_노량진동,지하시설물,-0.19045673254400491
동작구_대방동,지반,0.1945859193123073
동작구_대방동,침수,-0.030047049922468524
동작구_대방동,지하 공사,-0.2530402429911084
동작구_대방동,하수관,0.06674821858445475
동작구_대방동,지하시설물,0.3422603455606176
동작구_동작동,지반,0.1886425470258234
동작구_동작동,침수,-0.030047049922468524
동작구_동작동,지하 공사,-0.22108548505736766
동작구_동작동,하수관,0.04711148024341479
동작구_동작동,지하시설물,0.25552376060267973
동작구_본동,지반,0.2568149320535242
동작구_본동,침수,-0.018626521794889286
동작구_본동,지하 공사,-0.04706542405493869
동작구_본동,하수관,0.24360920203284733
동작구_본동,지하시설물,-0.19298572386843957
동작구_사당동,지반,0.13554714713816557
동작구_사당동,침수,-0.04761566071255198
동작구_사당동,지하 공사,0.5593441694997352
동작구_사당동,하수관,-0.2322644931404358
동작구_사당동,지하시설물,0.4723160023226744
동작구_상도1동,지반,0.1886425470258234
동작구_상도1동,침수,-0.030047049922468524
동작구_상도1동,지하 공사,-0.22108548505736766
동작구_상도1동,하수관,0.04711148024341479
동작구_상도1동,지하시설물,0.25552376060267973
동작구_상도동,지반,0.13362755780617996
동작구_상도동,침수,-0.047241377155966185
동작구_상도동,지하 공사,0.7515411224497351
동작구_상도동,하수관,-0.21471979397958024
동작구_상도동,지하시설물,0.468378371792272
동작구_신대방동,지반,0.16340397392343142
동작구_신대방동,침수,-0.033550003346667724
동작구_신대방동,지하 공사,0.989607149436637
동작구_신대방동,하수관,-0.14080803632627661
동작구_신대방동,지하시설물,0.24820984466524204
동작구_흑석동,지반,0.2402218417062884
동작구_흑석동,침수,-0.025659636885997015
동작구_흑석동,지하 공사,0.42279342027894573
동작구_흑석동,하수관,0.08204835003948098
동작구_흑석동,지하시설물,-0.18463363776201744
마포구_공덕동,지반,-0.011879751284213314
마포구_공덕동,침수,-0.010902409740349023
마포구_공덕동,지하 공사,0.34170463716306076
마포구_공덕동,하수관,0.40085626326254603
마포구_공덕동,지하시설물,0.5989835173427809
마포구_구수동,지반,0.07713341055269876
마포구_구수동,침수,-0.003701217743942907
마포구_구수동,지하 공사,-0.27094777282457533
마포구_구수동,하수관,0.35658024867960425
마포구_구수동,지하시설물,-0.25198178602457133
마포구_노고산동,지반,0.011781938230108778
마포구_노고산동,침수,-0.017231933521119527
마포구_노고산동,지하 공사,0.8458766468395436
마포구_노고산동,하수관,0.26255444272174217
마포구_노고산동,지하시설물,0.48217103710673986
마포구_당인동,지반,0.07713341055269876
마포구_당인동,침수,-0.003701217743942907
마포구_당인동,지하 공사,-0.27094777282457533
마포구_당인동,하수관,0.35658024867960425
마포구_당인동,지하시설물,-0.25198178602457133
마포구_대흥동,지반,0.046373948929422315
마포구_대흥동,침수,-0.009109739242933781
마포구_대흥동,지하 공사,-0.30654699933952895
마포구_대흥동,하수관,0.3290033678206456
마포구_대흥동,지하시설물,0.4708233296065163
마포구_도화동,지반,0.011781938230108778
마포구_도화동,침수,-0.017231933521119527
마포구_도화동,지하 공사,0.8458766468395436
마포구_도화동,하수관,0.26255444272174217
마포구_도화동,지하시설물,0.48217103710673986
마포구_동교동,지반,0.0037620362070832497
마포구_동교동,침수,-0.0146672177616061
마포구_동교동,지하 공사,0.9531217572217459
마포구_동교동,하수관,0.2510512600412971
마포구_동교동,지하시설물,0.4544499036435379
마포구_마포동,지반,0.04867480834855342
마포구_마포동,침수,-0.0026569986432924825
마포구_마포동,지하 공사,0.13646878949339597
마포구_마포동,하수관,0.33669092097436426
마포구_마포동,지하시설물,-0.24915296775730153
마포구_망원동,지반,-0.3166083483635354
마포구_망원동,침수,-0.00856633600685035
마포구_망원동,지하 공사,0.03408653350414193
마포구_망원동,하수관,0.30306251715922644
마포구_망원동,지하시설물,0.7216646006364287
마포구_상수동,지반,0.011781938230108778
마포구_상수동,침수,-0.017231933521119527
마포구_상수동,지하 공사,1.0068629174178363
마포구_상수동,하수관,0.26852392493203503
마포구_상수동,지하시설물,0.4879941318887274
마포구_상암동,지반,0.23894164344429306
마포구_상암동,침수,-0.003157814507859475
마포구_상암동,지하 공사,-0.004067082086417893
마포구_상암동,하수관,0.453518318357674
마포구_상암동,지하시설물,-0.27893287860722216
마포구_서교동,지반,0.013701527562094383
마포구_서교동,침수,-0.017606217077705322
마포구_서교동,지하 공사,0.7532127309328471
마포구_서교동,하수관,0.27839248888989715
마포구_서교동,지하시설물,0.49193176241912984
마포구_성산동,지반,0.029348145290661404
마포구_성산동,침수,-0.009109739242933781
마포구_성산동,지하 공사,-0.3271782922206642
마포구_성산동,하수관,0.3147878313945417
마포구_성산동,지하시설물,0.5077445006471519
마포구_신공덕동,지반,0.07713341055269876
마포구_신공덕동,침수,-0.003701217743942907
마포구_신공덕동,지하 공사,-0.27094777282457533
마포구_신공덕동,하수관,0.35658024867960425
마포구_신공덕동,지하시설물,-0.25198178602457133
마포구_신수동,지반,-0.009792636231377272
마포구_신수동,침수,-0.003701217743942907
마포구_신수동,지하 공사,-0.2716681073336755
마포구_신수동,하수관,0.35658656213521084
마포구_신수동,지하시설물,-0.2692146583818259
마포구_신정동,지반,0.0255118509890042
마포구_신정동,침수,-0.005492595555079714
마포구_신정동,지하 공사,0.38997385423270575
마포구_신정동,하수관,0.5642489531006747
마포구_신정동,지하시설물,-0.3005452609581017
마포구_아현동,지반,-0.015282167580385059
마포구_아현동,침수,-0.01090111705407059
마포구_아현동,지하 공사,0.4205349334005507
마포구_아현동,하수관,0.4602150908212262
마포구_아현동,지하시설물,0.5955811010466091
마포구_연남동,지반,0.07713341055269876
마포구_연남동,침수,-0.003701217743942907
마포구_연남동,지하 공사,-0.27094777282457533
마포구_연남동,하수관,0.35658024867960425
마포구_연남동,지하시설물,-0.25198178602457133
마포구_염리동,지반,0.017103943858266128
마포구_염리동,침수,-0.017607509763983755
마포구_염리동,지하 공사,0.8743172300919703
마포구_염리동,하수관,0.28265149520971017
마포구_염리동,지하시설물,0.4953341787153014
마포구_용강동,지반,0.07713341055269876
마포구_용강동,침수,-0.003701217743942907
마포구_용강동,지하 공사,-0.27094777282457533
마포구_용강동,하수관,0.35658024867960425
마포구_용강동,지하시설물,-0.25198178602457133
마포구_중동,지반,0.07713341055269876
마포구_중동,침수,-0.003701217743942907
마포구_중동,지하 공사,-0.27094777282457533
마포구_중동,하수관,0.35658024867960425
마포구_중동,지하시설물,-0.25198178602457133
마포구_창전동,지반,0.046373948929422315
마포구_창전동,침수,-0.009109739242933781
마포구_창전동,지하 공사,-0.30654699933952895
마포구_창전동,하수관,0.3290033678206456
마포구_창전동,지하시설물,0.4708233296065163
마포구_토정동,지반,0.07713341055269876
마포구_토정동,침수,-0.003701217743942907
마포구_토정동,지하 공사,-0.27094777282457533
마포구_토정동,하수관,0.35658024867960425
마포구_토정동,지하시설물,-0.25198178602457133
마포구_하중동,지반,0.07713341055269876
마포구_하중동,침수,-0.003701217743942907
마포구_하중동,지하 공사,-0.27094777282457533
마포구_하중동,하수관,0.35658024867960425
마포구_하중동,지하시설물,-0.25198178602457133
마포구_합정동,지반,0.011781938230108778
마포구_합정동,침수,-0.017231933521119527
마포구_합정동,지하 공사,0.6253183239620914
마포구_합정동,하수관,0.26953554368035115
마포구_합정동,지하시설물,0.4879941318887274
마포구_현석동,지반,0.07713341055269876
마포구_현석동,침수,-0.003701217743942907
마포구_현석동,지하 공사,-0.27094777282457533
마포구_현석동,하수관,0.35658024867960425
마포구_현석동,지하시설물,-0.25198178602457133
서대문구_남가좌동,지반,-0.6119040266579167
서대문구_남가좌동,침수,-0.0036332079042102824
서대문구_남가좌동,지하 공사,-0.33792245622277517
서대문구_남가좌동,하수관,0.29890598834074655
서대문구_남가좌동,지하시설물,-0.3120229876452749
서대문구_냉천동,지반,-0.3907514955141261
서대문구_냉천동,침수,-0.005424585715347093
서대문구_냉천동,지하 공사,0.4738491642797288
서대문구_냉천동,하수관,0.48314267160498536
서대문구_냉천동,지하시설물,-0.35609779763998434
서대문구_대신동,지반,-0.6119040266579167
서대문구_대신동,침수,-0.0036332079042102824
서대문구_대신동,지하 공사,-0.33792245622277517
서대문구_대신동,하수관,0.29890598834074655
서대문구_대신동,지하시설물,-0.3120229876452749
서대문구_대현동,지반,-0.5270777548057125
서대문구_대현동,침수,-0.009794904691761587
서대문구_대현동,지하 공사,0.46584869068364326
서대문구_대현동,하수관,0.14347958520679915
서대문구_대현동,지하시설물,-0.3313190068332665
서대문구_미근동,지반,-0.6119040266579167
서대문구_미근동,침수,-0.0036332079042102824
서대문구_미근동,지하 공사,-0.33792245622277517
서대문구_미근동,하수관,0.29890598834074655
서대문구_미근동,지하시설물,-0.3120229876452749
서대문구_봉원동,지반,-0.6119040266579167
서대문구_봉원동,침수,-0.0036332079042102824
서대문구_봉원동,지하 공사,-0.33792245622277517
서대문구_봉원동,하수관,0.29890598834074655
서대문구_봉원동,지하시설물,-0.3120229876452749
서대문구_북가좌동,지반,-0.35693619141956273
서대문구_북가좌동,침수,-0.012130978425260262
서대문구_북가좌동,지하 공사,0.868975766683552
서대문구_북가좌동,하수관,0.24865148199909326
서대문구_북가좌동,지하시설물,-0.33162913812794576
서대문구_북아현동,지반,-0.6119040266579167
서대문구_북아현동,침수,-0.0036332079042102824
서대문구_북아현동,지하 공사,-0.33792245622277517
서대문구_북아현동,하수관,0.29890598834074655
서대문구_북아현동,지하시설물,-0.3120229876452749
서대문구_신촌동,지반,-0.3907514955141261
서대문구_신촌동,침수,-0.00542587840162553
서대문구_신촌동,지하 공사,0.4409686054697345
서대문구_신촌동,하수관,0.4572261395974576
서대문구_신촌동,지하시설물,-0.35609779763998434
서대문구_연희동,지반,-0.6119040266579167
서대문구_연희동,침수,-0.0036332079042102824
서대문구_연희동,지하 공사,-0.33792245622277517
서대문구_연희동,하수관,0.29890598834074655
서대문구_연희동,지하시설물,-0.3120229876452749
서대문구_영천동,지반,-0.6119040266579167
서대문구_영천동,침수,-0.0036332079042102824
서대문구_영천동,지하 공사,-0.33792245622277517
서대문구_영천동,하수관,0.29890598834074655
서대문구_영천동,지하시설물,-0.3120229876452749
서대문구_옥천동,지반,-0.6119040266579167
서대문구_옥천동,침수,-0.0036332079042102824
서대문구_옥천동,지하 공사,-0.33792245622277517
서대문구_옥천동,하수관,0.29890598834074655
서대문구_옥천동,지하시설물,-0.3120229876452749
서대문구_창천동,지반,-0.35693619141956273
서대문구_창천동,침수,-0.012130978425260262
서대문구_창천동,지하 공사,1.0044803693813609
서대문구_창천동,하수관,0.3221025948410692
서대문구_창천동,지하시설물,-0.33162913812794576
서대문구_천연동,지반,-0.6119040266579167
서대문구_천연동,침수,-0.0036332079042102824
서대문구_천연동,지하 공사,-0.33792245622277517
서대문구_천연동,하수관,0.29890598834074655
서대문구_천연동,지하시설물,-0.3120229876452749
서대문구_충정로2가,지반,-0.6119040266579167
서대문구_충정로2가,침수,-0.0036332079042102824
서대문구_충정로2가,지하 공사,-0.33792245622277517
서대문구_충정로2가,하수관,0.29890598834074655
서대문구_충정로2가,지하시설물,-0.3120229876452749
서대문구_충정로3가,지반,-0.3771488167742573
서대문구_충정로3가,침수,-0.00904172940320116
서대문구_충정로3가,지하 공사,-0.37408430043393853
서대문구_충정로3가,하수관,0.2050511824593953
서대문구_충정로3가,지하시설물,0.6824070383202265
서대문구_합동,지반,-0.6119040266579167
서대문구_합동,침수,-0.0036332079042102824
서대문구_합동,지하 공사,-0.33792245622277517
서대문구_합동,하수관,0.29890598834074655
서대문구_합동,지하시설물,-0.3120229876452749
서대문구_현저동,지반,-0.3830921890607412
서대문구_현저동,침수,-0.00904172940320116
서대문구_현저동,지하 공사,-0.34212954250019756
서대문구_현저동,하수관,0.21276549410235018
서대문구_현저동,지하시설물,0.6168549588280434
서대문구_홍은동,지반,-0.3218871775288156
서대문구_홍은동,침수,-0.012129685738981825
서대문구_홍은동,지하 공사,0.8662233052020976
서대문구_홍은동,하수관,0.29091453665198397
서대문구_홍은동,지하시설물,-0.32263400355158106
서대문구_홍제동,지반,-0.3771488167742573
서대문구_홍제동,침수,-0.00904172940320116
서대문구_홍제동,지하 공사,-0.37408430043393853
서대문구_홍제동,하수관,0.2050511824593953
서대문구_홍제동,지하시설물,0.6824070383202265
서초구_내곡동,지반,0.2677941043687848
서초구_내곡동,침수,-0.011939880177807359
서초구_내곡동,지하 공사,0.7445085105637554
서초구_내곡동,하수관,0.605364598744493
서초구_내곡동,지하시설물,-0.2961689897148904
서초구_반포동,지반,0.12629352180885997
서초구_반포동,침수,-0.01995770332898056
서초구_반포동,지하 공사,1.1317849733649834
서초구_반포동,하수관,0.6940202350927336
서초구_반포동,지하시설물,0.6375408607650217
서초구_방배동,지반,-0.14759267821778405
서초구_방배동,침수,-0.020331986885566353
서초구_방배동,지하 공사,1.0883623258113326
서초구_방배동,하수관,0.6984043023820665
서초구_방배동,지하시설물,0.8136664054017282
서초구_서초동,지반,0.12629352180885997
서초구_서초동,침수,-0.01705502396703771
서초구_서초동,지하 공사,1.216565431432295
서초구_서초동,하수관,0.6935730628176402
서초구_서초동,지하시설물,0.6375408607650217
서초구_신원동,지반,0.26731544155488984
서초구_신원동,침수,-0.004160601097410168
서초구_신원동,지하 공사,-0.30663063675888724
서초구_신원동,하수관,0.36483328875178184
서초구_신원동,지하시설물,-0.2558581026064316
서초구_양재동,지반,0.253903711766922
서초구_양재동,침수,-0.011938587491528922
서초구_양재동,지하 공사,0.7724043707771266
서초구_양재동,하수관,0.6599797903763468
서초구_양재동,지하시설물,-0.29662689542193843
서초구_염곡동,지반,0.30766367915592296
서초구_염곡동,침수,-0.004160601097410168
서초구_염곡동,지하 공사,-0.3077835657901205
서초구_염곡동,하수관,0.41554388228771855
서초구_염곡동,지하시설물,-0.24082988057203428
서초구_우면동,지반,0.30766367915592296
서초구_우면동,침수,-0.004160601097410168
서초구_우면동,지하 공사,-0.3077835657901205
서초구_우면동,하수관,0.41554388228771855
서초구_우면동,지하시설물,-0.24082988057203428
서초구_원지동,지반,0.3401793346235549
서초구_원지동,침수,-0.004160601097410168
서초구_원지동,지하 공사,-0.300237601711984
서초구_원지동,하수관,0.3760747134451341
서초구_원지동,지하시설물,-0.23536900132378538
서초구_잠원동,지반,0.12821311114084558
서초구_잠원동,침수,-0.020331986885566353
서초구_잠원동,지하 공사,0.9731306187120897
서초구_잠원동,하수관,0.7100181342289842
서초구_잠원동,지하시설물,0.641478491295424
성동구_금호동1가,지반,0.3058342762891981
성동구_금호동1가,침수,-0.008397299812766722
성동구_금호동1가,지하 공사,-0.17857346713476344
성동구_금호동1가,하수관,-0.18161777967889306
성동구_금호동1가,지하시설물,-0.18495859472973206
성동구_금호동2가,지반,0.18241708621484617
성동구_금호동2가,침수,-0.0299790400827359
성동구_금호동2가,지하 공사,-0.2303752392053502
성동구_금호동2가,하수관,-0.34607247058059004
성동구_금호동2가,지하시설물,0.35674710086558875
성동구_금호동3가,지반,0.3058342762891981
성동구_금호동3가,침수,-0.008397299812766722
성동구_금호동3가,지하 공사,-0.17857346713476344
성동구_금호동3가,하수관,-0.18161777967889306
성동구_금호동3가,지하시설물,-0.18495859472973206
성동구_금호동4가,지반,0.18241708621484617
성동구_금호동4가,침수,-0.0299790400827359
성동구_금호동4가,지하 공사,-0.2303752392053502
성동구_금호동4가,하수관,-0.34607247058059004
성동구_금호동4가,지하시설물,0.35674710086558875
성동구_도선동,지반,0.23139943692752138
성동구_도선동,침수,-0.018558511955156655
성동구_도선동,지하 공사,-0.2138186853917094
성동구_도선동,하수관,-0.4913282085459494
성동구_도선동,지하시설물,-0.24560103932654778
성동구_마장동,지반,0.175982862712377
성동구_마장동,침수,-0.02943563684665247
성동구_마장동,지하 공사,0.11382444531502686
성동구_마장동,하수관,-0.36910561192630237
성동구_마장동,지하시설물,0.4411499877978265
성동구_사근동,지반,0.3058342762891981
성동구_사근동,침수,-0.008397299812766722
성동구_사근동,지하 공사,-0.17857346713476344
성동구_사근동,하수관,-0.18161777967889306
성동구_사근동,지하시설물,-0.18495859472973206
성동구_상왕십리동,지반,0.3058342762891981
성동구_상왕십리동,침수,-0.008397299812766722
성동구_상왕십리동,지하 공사,-0.17857346713476344
성동구_상왕십리동,하수관,-0.18161777967889306
성동구_상왕십리동,지하시설물,-0.18495859472973206
성동구_성수동1가,지반,0.12337831404070444
성동구_성수동1가,침수,-0.047547650872819355
성동구_성수동1가,지하 공사,0.5502100313871248
성동구_성수동1가,하수관,-0.4702545943890005
성동구_성수동1가,지하시설물,0.38528458774101176
성동구_성수동2가,지반,0.12145872470871884
성동구_성수동2가,침수,-0.043896404397704925
성동구_성수동2가,지하 공사,0.9812311311238238
성동구_성수동2가,하수관,-0.4595653939540906
성동구_성수동2가,지하시설물,0.38134695721060935
성동구_송정동,지반,0.20192353335262306
성동구_송정동,침수,-0.016643421637823667
성동구_송정동,지하 공사,0.307844934000642
성동구_송정동,하수관,-0.49453867945188346
성동구_송정동,지하시설물,-0.22185230612467238
성동구_옥수동,지반,0.18241708621484617
성동구_옥수동,침수,-0.0299790400827359
성동구_옥수동,지하 공사,-0.2303752392053502
성동구_옥수동,하수관,-0.34607247058059004
성동구_옥수동,지하시설물,0.35674710086558875
성동구_용답동,지반,0.13272410262336007
성동구_용답동,침수,-0.04754894355909779
성동구_용답동,지하 공사,0.8732027254161864
성동구_용답동,하수관,-0.32438795183310554
성동구_용답동,지하시설물,0.5068546963094713
성동구_응봉동,지반,0.23139943692752138
성동구_응봉동,침수,-0.018558511955156655
성동구_응봉동,지하 공사,-0.2138186853917094
성동구_응봉동,하수관,-0.4913282085459494
성동구_응봉동,지하시설물,-0.24560103932654778
성동구_하왕십리동,지반,0.18241708621484617
성동구_하왕십리동,침수,-0.0299790400827359
성동구_하왕십리동,지하 공사,-0.2303752392053502
성동구_하왕십리동,하수관,-0.34607247058059004
성동구_하왕십리동,지하시설물,0.35674710086558875
성동구_행당동,지반,0.12740209699520272
성동구_행당동,침수,-0.047547650872819355
성동구_행당동,지하 공사,0.8855785252328803
성동구_행당동,하수관,-0.4480943910760123
성동구_행당동,지하시설물,0.5171375363578078
성동구_홍익동,지반,0.23331902625950698
성동구_홍익동,침수,-0.01893279551174245
성동구_홍익동,지하 공사,-0.04598444094230153
성동구_홍익동,하수관,-0.5055198442884121
성동구_홍익동,지하시설물,-0.24753568036342338
성북구_길음동,지반,0.0976245006409301
성북구_길음동,침수,-0.01104500625517411
성북구_길음동,지하 공사,0.4791310444943103
성북구_길음동,하수관,0.7694178885859628
성북구_길음동,지하시설물,0.5188211059901517
성북구_돈암동,지반,0.1916626849004623
성북구_돈암동,침수,-0.005635192069904801
성북구_돈암동,지하 공사,0.4156983398101031
성북구_돈암동,하수관,0.6704126574000341
성북구_돈암동,지하시설물,-0.31010445781743357
성북구_동선동1가,지반,0.23680296735787276
성북구_동선동1가,침수,-0.003843814258767994
성북구_동선동1가,지하 공사,-0.3106462444735495
성북구_동선동1가,하수관,0.4525847870494713
성북구_동선동1가,지하시설물,-0.26531719577745266
성북구_동선동2가,지반,0.23680296735787276
성북구_동선동2가,침수,-0.003843814258767994
성북구_동선동2가,지하 공사,-0.3106462444735495
성북구_동선동2가,하수관,0.4525847870494713
성북구_동선동2가,지하시설물,-0.26531719577745266
성북구_동선동3가,지반,0.23680296735787276
성북구_동선동3가,침수,-0.003843814258767994
성북구_동선동3가,지하 공사,-0.3106462444735495
성북구_동선동3가,하수관,0.4525847870494713
성북구_동선동3가,지하시설물,-0.26531719577745266
성북구_동선동4가,지반,0.11607469796474111
성북구_동선동4가,침수,-0.008708932521675436
성북구_동선동4가,지하 공사,0.10058118187653303
성북구_동선동4가,하수관,0.6037064160803032
성북구_동선동4가,지하시설물,0.5299297998814552
성북구_동선동5가,지반,0.23680296735787276
성북구_동선동5가,침수,-0.003843814258767994
성북구_동선동5가,지하 공사,-0.3106462444735495
성북구_동선동5가,하수관,0.4525847870494713
성북구_동선동5가,지하시설물,-0.26531719577745266
성북구_동소문동1가,지반,0.23680296735787276
성북구_동소문동1가,침수,-0.003843814258767994
성북구_동소문동1가,지하 공사,-0.3106462444735495
성북구_동소문동1가,하수관,0.4525847870494713
성북구_동소문동1가,지하시설물,-0.26531719577745266
성북구_동소문동2가,지반,0.23680296735787276
성북구_동소문동2가,침수,-0.003843814258767994
성북구_동소문동2가,지하 공사,-0.3106462444735495
성북구_동소문동2가,하수관,0.4525847870494713
성북구_동소문동2가,지하시설물,-0.26531719577745266
성북구_동소문동3가,지반,0.23680296735787276
성북구_동소문동3가,침수,-0.003843814258767994
성북구_동소문동3가,지하 공사,-0.3106462444735495
성북구_동소문동3가,하수관,0.4525847870494713
성북구_동소문동3가,지하시설물,-0.26531719577745266
성북구_동소문동4가,지반,0.23680296735787276
성북구_동소문동4가,침수,-0.003843814258767994
성북구_동소문동4가,지하 공사,-0.3106462444735495
성북구_동소문동4가,하수관,0.4525847870494713
성북구_동소문동4가,지하시설물,-0.26531719577745266
성북구_동소문동5가,지반,0.23680296735787276
성북구_동소문동5가,침수,-0.003843814258767994
성북구_동소문동5가,지하 공사,-0.3106462444735495
성북구_동소문동5가,하수관,0.4525847870494713
성북구_동소문동5가,지하시설물,-0.26531719577745266
성북구_동소문동6가,지반,0.23680296735787276
성북구_동소문동6가,침수,-0.003843814258767994
성북구_동소문동6가,지하 공사,-0.3106462444735495
성북구_동소문동6가,하수관,0.4525847870494713
성북구_동소문동6가,지하시설물,-0.26531719577745266
성북구_동소문동7가,지반,0.23680296735787276
성북구_동소문동7가,침수,-0.003843814258767994
성북구_동소문동7가,지하 공사,-0.3106462444735495
성북구_동소문동7가,하수관,0.4525847870494713
성북구_동소문동7가,지하시설물,-0.26531719577745266
성북구_보문동1가,지반,0.11656113817567235
성북구_보문동1가,침수,-0.009252335757758868
성북구_보문동1가,지하 공사,-0.34624547098850295
성북구_보문동1가,하수관,0.5363392473039242
성북구_보문동1가,지하시설물,0.4714529445786536
성북구_보문동2가,지반,0.23680296735787276
성북구_보문동2가,침수,-0.003843814258767994
성북구_보문동2가,지하 공사,-0.3106462444735495
성북구_보문동2가,하수관,0.4525847870494713
성북구_보문동2가,지하시설물,-0.26531719577745266
성북구_보문동3가,지반,0.23680296735787276
성북구_보문동3가,침수,-0.003843814258767994
성북구_보문동3가,지하 공사,-0.3106462444735495
성북구_보문동3가,하수관,0.4525847870494713
성북구_보문동3가,지하시설물,-0.26531719577745266
성북구_보문동4가,지반,0.23680296735787276
성북구_보문동4가,침수,-0.003843814258767994
성북구_보문동4가,지하 공사,-0.3106462444735495
성북구_보문동4가,하수관,0.4525847870494713
성북구_보문동4가,지하시설물,-0.26531719577745266
성북구_보문동5가,지반,0.2327174710250614
성북구_보문동5가,침수,-0.004292642804138901
성북구_보문동5가,지하 공사,-0.28082390373819477
성북구_보문동5가,하수관,0.44833480520378327
성북구_보문동5가,지하시설물,-0.27330783741900866
성북구_보문동6가,지반,0.23680296735787276
성북구_보문동6가,침수,-0.003843814258767994
성북구_보문동6가,지하 공사,-0.3106462444735495
성북구_보문동6가,하수관,0.4525847870494713
성북구_보문동6가,지하시설물,-0.26531719577745266
성북구_보문동7가,지반,0.23680296735787276
성북구_보문동7가,침수,-0.003843814258767994
성북구_보문동7가,지하 공사,-0.3106462444735495
성북구_보문동7가,하수관,0.4525847870494713
성북구_보문동7가,지하시설물,-0.26531719577745266
성북구_삼선동1가,지반,0.11656113817567235
성북구_삼선동1가,침수,-0.009252335757758868
성북구_삼선동1가,지하 공사,-0.34624547098850295
성북구_삼선동1가,하수관,0.5363392473039242
성북구_삼선동1가,지하시설물,0.4714529445786536
성북구_삼선동2가,지반,0.23680296735787276
성북구_삼선동2가,침수,-0.003843814258767994
성북구_삼선동2가,지하 공사,-0.3106462444735495
성북구_삼선동2가,하수관,0.4525847870494713
성북구_삼선동2가,지하시설물,-0.26531719577745266
성북구_삼선동3가,지반,0.23680296735787276
성북구_삼선동3가,침수,-0.003843814258767994
성북구_삼선동3가,지하 공사,-0.3106462444735495
성북구_삼선동3가,하수관,0.4525847870494713
성북구_삼선동3가,지하시설물,-0.26531719577745266
성북구_삼선동4가,지반,0.23680296735787276
성북구_삼선동4가,침수,-0.003843814258767994
성북구_삼선동4가,지하 공사,-0.3106462444735495
성북구_삼선동4가,하수관,0.4525847870494713
성북구_삼선동4가,지하시설물,-0.26531719577745266
성북구_삼선동5가,지반,0.23680296735787276
성북구_삼선동5가,침수,-0.003843814258767994
성북구_삼선동5가,지하 공사,-0.3106462444735495
성북구_삼선동5가,하수관,0.4525847870494713
성북구_삼선동5가,지하시설물,-0.26531719577745266
성북구_상월곡동,지반,0.11656113817567235
성북구_상월곡동,침수,-0.009252335757758868
성북구_상월곡동,지하 공사,-0.34624547098850295
성북구_상월곡동,하수관,0.5363392473039242
성북구_상월곡동,지하시설물,0.4714529445786536
성북구_석관동,지반,0.11656113817567235
성북구_석관동,침수,-0.009252335757758868
성북구_석관동,지하 공사,-0.34624547098850295
성북구_석관동,하수관,0.5363392473039242
성북구_석관동,지하시설물,0.4714529445786536
성북구_성북동,지반,0.210242629429755
성북구_성북동,침수,-0.012669599847290961
성북구_성북동,지하 공사,0.9740792589394242
성북구_성북동,하수관,0.5737230168814496
성북구_성북동,지하시설물,-0.3060644289142098
성북구_성북동1가,지반,0.23680296735787276
성북구_성북동1가,침수,-0.003843814258767994
성북구_성북동1가,지하 공사,-0.3106462444735495
성북구_성북동1가,하수관,0.4525847870494713
성북구_성북동1가,지하시설물,-0.26531719577745266
성북구_안암동1가,지반,0.23680296735787276
성북구_안암동1가,침수,-0.003843814258767994
성북구_안암동1가,지하 공사,-0.3106462444735495
성북구_안암동1가,하수관,0.4525847870494713
성북구_안암동1가,지하시설물,-0.26531719577745266
성북구_안암동2가,지반,0.23680296735787276
성북구_안암동2가,침수,-0.003843814258767994
성북구_안암동2가,지하 공사,-0.3106462444735495
성북구_안암동2가,하수관,0.4525847870494713
성북구_안암동2가,지하시설물,-0.26531719577745266
성북구_안암동3가,지반,0.23680296735787276
성북구_안암동3가,침수,-0.003843814258767994
성북구_안암동3가,지하 공사,-0.3106462444735495
성북구_안암동3가,하수관,0.4525847870494713
성북구_안암동3가,지하시설물,-0.26531719577745266
성북구_안암동4가,지반,0.23680296735787276
성북구_안암동4가,침수,-0.003843814258767994
성북구_안암동4가,지하 공사,-0.3106462444735495
성북구_안암동4가,하수관,0.4525847870494713
성북구_안암동4가,지하시설물,-0.26531719577745266
성북구_안암동5가,지반,0.1061799758484769
성북구_안암동5가,침수,-0.018076828660003402
성북구_안암동5가,지하 공사,0.8403267498580563
성북구_안암동5가,하수관,0.6263735953502123
성북구_안암동5가,지하시설물,0.49256137739126715
성북구_장위동,지반,0.1861431554038053
성북구_장위동,침수,-0.01076285445145057
성북구_장위동,지하 공사,1.4526614458260818
성북구_장위동,하수관,0.5910223773433596
성북구_장위동,지하시설물,-0.28475753318944924
성북구_정릉동,지반,0.1916626849004623
성북구_정릉동,침수,-0.005635192069904801
성북구_정릉동,지하 공사,0.2873914635250668
성북구_정릉동,하수관,0.6701260763009755
성북구_정릉동,지하시설물,-0.3120390988543092
성북구_종암동,지반,0.11607469796474111
성북구_종암동,침수,-0.008708932521675436
성북구_종암동,지하 공사,0.11106787616895425
성북구_종암동,하수관,0.5932197217878818
성북구_종암동,지하시설물,0.5299297998814552
성북구_하월곡동,지반,0.10958239214464864
성북구_하월곡동,침수,-0.01807812134628184
성북구_하월곡동,지하 공사,0.7123395831609056
성북구_하월곡동,하수관,0.611053070481459
성북구_하월곡동,지하시설물,0.49014069890545137
송파구_가락동,지반,0.10785092064445585
송파구_가락동,침수,-0.01519088355317634
송파구_가락동,지하 공사,0.6217991635117425
송파구_가락동,하수관,1.32371216314766
송파구_가락동,지하시설물,0.3788469664444212
송파구_거여동,지반,-0.1541715118391115
송파구_거여동,침수,-0.015161434130280253
송파구_거여동,지하 공사,0.9469671613062796
송파구_거여동,하수관,1.2957194226548898
송파구_거여동,지하시설물,0.4293204671012233
송파구_마천동,지반,0.09189949711876903
송파구_마천동,침수,-0.006735984419544105
송파구_마천동,지하 공사,-0.29762004794420066
송파구_마천동,하수관,1.4632946324271179
송파구_마천동,지하시설물,0.2763559170041274
송파구_문정동,지반,0.2104571821230775
송파구_문정동,침수,-0.006735984419544105
송파구_문정동,지하 공사,-0.2821627457044613
송파구_문정동,하수관,1.5070111538687154
송파구_문정동,지하시설물,0.23640353343263185
송파구_방이동,지반,0.10444850434828411
송파구_방이동,침수,-0.015161434130280253
송파구_방이동,지하 공사,0.7936692276240956
송파구_방이동,하수관,1.292859809555865
송파구_방이동,지하시설물,0.3667720335922409
송파구_삼전동,지반,0.1099163488768572
송파구_삼전동,침수,-0.015161434130280253
송파구_삼전동,지하 공사,0.7473343679513191
송파구_삼전동,하수관,1.3941697519360696
송파구_삼전동,지하시설물,0.2776359679523197
송파구_석촌동,지반,0.10785092064445585
송파구_석촌동,침수,-0.01519088355317634
송파구_석촌동,지하 공사,0.699401785760426
송파구_석촌동,하수관,1.273494945705248
송파구_석촌동,지하시설물,0.3701744498884127
송파구_송파동,지반,0.3417620076912925
송파구_송파동,침수,-0.0013274629205532271
송파구_송파동,지하 공사,-0.24464213790237616
송파구_송파동,하수관,1.812159106737061
송파구_송파동,지하시설물,-0.14046772526794796
송파구_신천동,지반,0.18708334018684378
송파구_신천동,침수,-0.006735984419544105
송파구_신천동,지하 공사,-0.2943207580814163
송파구_신천동,하수관,1.5252061559904635
송파구_신천동,지하시설물,0.30227594107382144
송파구_오금동,지반,0.1447332610165105
송파구_오금동,침수,-0.012854809819677668
송파구_오금동,지하 공사,0.3580506581603329
송파구_오금동,하수관,1.2334158359616034
송파구_오금동,지하시설물,0.37135184848097536
송파구_잠실동,지반,0.09304931618732279
송파구_잠실동,침수,-0.012688051801911425
송파구_잠실동,지하 공사,1.2502643002908058
송파구_잠실동,하수관,1.2771198088343814
송파구_잠실동,지하시설물,0.3416635143691452
송파구_장지동,지반,0.10785092064445585
송파구_장지동,침수,-0.01519088355317634
송파구_장지동,지하 공사,0.669022614748682
송파구_장지동,하수관,1.2908208265462744
송파구_장지동,지하시설물,0.3645148518088675
송파구_풍납동,지반,0.1850813814263563
송파구_풍납동,침수,-0.0013274629205532271
송파구_풍납동,지하 공사,-0.25370640509521236
송파구_풍납동,하수관,1.7340963710797939
송파구_풍납동,지하시설물,-0.1577071031022417
양천구_목동,지반,0.09941768183416794
양천구_목동,침수,-0.03662056566391329
양천구_목동,지하 공사,0.8998672924915595
양천구_목동,하수관,0.0942042007533031
양천구_목동,지하시설물,0.2652465376900085
양천구_신월동,지반,0.2915126087530504
양천구_신월동,침수,-0.013694983441899768
양천구_신월동,지하 공사,0.2721051862887566
양천구_신월동,하수관,0.5133340649297158
양천구_신월동,지하시설물,-0.09571389622429781
양천구_신정동,지반,0.09941768183416794
양천구_신정동,침수,-0.03662056566391329
양천구_신정동,지하 공사,0.7644922162537168
양천구_신정동,하수관,0.04726367617060337
양천구_신정동,지하시설물,0.2476236508150976
영등포구_당산동,지반,0.11227400754333261
영등포구_당산동,침수,-0.011033994022538997
영등포구_당산동,지하 공사,-0.30944397124017653
영등포구_당산동,하수관,0.3799392640939863
영등포구_당산동,지하시설물,0.5000657328013666
영등포구_당산동1가,지반,0.1110263817133278
영등포구_당산동1가,침수,-0.005625472523548124
영등포구_당산동1가,지하 공사,-0.2558411259142934
영등포구_당산동1가,하수관,0.29553375286650546
영등포구_당산동1가,지하시설물,-0.2876848766451216
영등포구_당산동2가,지반,0.053359773517222014
영등포구_당산동2가,침수,-0.016162260908802288
영등포구_당산동2가,지하 공사,0.20831921766496253
영등포구_당산동2가,하수관,0.2913078172134668
영등포구_당산동2가,지하시설물,-0.34879721962138255
영등포구_당산동3가,지반,0.07696183754338963
영등포구_당산동3가,침수,-0.011033994022538997
영등포구_당산동3가,지하 공사,-0.32440256358350866
영등포구_당산동3가,하수관,0.3929157060130211
영등포구_당산동3가,지하시설물,0.6117673267833142
영등포구_당산동4가,지반,0.07601684645077432
영등포구_당산동4가,침수,-0.012115184378572418
영등포구_당산동4가,지하 공사,0.6268446958439127
영등포구_당산동4가,하수관,0.2903389254055347
영등포구_당산동4가,지하시설물,-0.3273781345634269
영등포구_당산동5가,지반,0.035489384241504066
영등포구_당산동5가,침수,-0.022819799757045792
영등포구_당산동5가,지하 공사,0.6457532431468656
영등포구_당산동5가,하수관,0.24674231298043287
영등포구_당산동5가,지하시설물,-0.33062607258326643
영등포구_당산동6가,지반,0.1110263817133278
영등포구_당산동6가,침수,-0.005625472523548124
영등포구_당산동6가,지하 공사,-0.2558411259142934
영등포구_당산동6가,하수관,0.29553375286650546
영등포구_당산동6가,지하시설물,-0.2876848766451216
영등포구_대림동,지반,0.02006026548694613
영등포구_대림동,침수,-0.028602604812622456
영등포구_대림동,지하 공사,0.9010231058651981
영등포구_대림동,하수관,0.32169728846666784
영등포구_대림동,지하시설물,0.543311523669179
영등포구_도림동,지반,0.1110263817133278
영등포구_도림동,침수,-0.005625472523548124
영등포구_도림동,지하 공사,-0.2558411259142934
영등포구_도림동,하수관,0.29553375286650546
영등포구_도림동,지하시설물,-0.2876848766451216
영등포구_문래동1가,지반,0.1110263817133278
영등포구_문래동1가,침수,-0.005625472523548124
영등포구_문래동1가,지하 공사,-0.2558411259142934
영등포구_문래동1가,하수관,0.29553375286650546
영등포구_문래동1가,지하시설물,-0.2876848766451216
영등포구_문래동2가,지반,0.08655612071435034
영등포구_문래동2가,침수,-0.0050820692874646925
영등포구_문래동2가,지하 공사,0.042773698842229715
영등포구_문래동2가,하수관,0.3575181531296256
영등포구_문래동2가,지하시설물,-0.34177306870799345
영등포구_문래동3가,지반,0.02006026548694613
영등포구_문래동3가,침수,-0.028602604812622456
영등포구_문래동3가,지하 공사,0.886160310157584
영등포구_문래동3가,하수관,0.3331298808240715
영등포구_문래동3가,지하시설물,0.543311523669179
영등포구_문래동4가,지반,0.1110263817133278
영등포구_문래동4가,침수,-0.005625472523548124
영등포구_문래동4가,지하 공사,-0.2558411259142934
영등포구_문래동4가,하수관,0.29553375286650546
영등포구_문래동4가,지하시설물,-0.2876848766451216
영등포구_문래동5가,지반,0.08655612071435034
영등포구_문래동5가,침수,-0.0050820692874646925
영등포구_문래동5가,지하 공사,0.042773698842229715
영등포구_문래동5가,하수관,0.3575181531296256
영등포구_문래동5가,지하시설물,-0.34177306870799345
영등포구_문래동6가,지반,0.1110263817133278
영등포구_문래동6가,침수,-0.005625472523548124
영등포구_문래동6가,지하 공사,-0.2558411259142934
영등포구_문래동6가,하수관,0.29553375286650546
영등포구_문래동6가,지하시설물,-0.2876848766451216
영등포구_신길동,지반,0.016903404193396844
영등포구_신길동,침수,-0.028603897498900892
영등포구_신길동,지하 공사,0.6739478942076258
영등포구_신길동,하수관,0.29771007500636565
영등포구_신길동,지하시설물,0.5448284757137654
영등포구_양평동,지반,0.1110263817133278
영등포구_양평동,침수,-0.005625472523548124
영등포구_양평동,지하 공사,-0.2558411259142934
영등포구_양평동,하수관,0.29553375286650546
영등포구_양평동,지하시설물,-0.2876848766451216
영등포구_양평동1가,지반,0.1110263817133278
영등포구_양평동1가,침수,-0.005625472523548124
영등포구_양평동1가,지하 공사,-0.2558411259142934
영등포구_양평동1가,하수관,0.29553375286650546
영등포구_양평동1가,지하시설물,-0.2876848766451216
영등포구_양평동2가,지반,0.02141161084224795
영등포구_양평동2가,침수,-0.021569489721514727
영등포구_양평동2가,지하 공사,0.35297237320898994
영등포구_양평동2가,하수관,0.41101425359382854
영등포구_양평동2가,지하시설물,0.5884146173195088
영등포구_양평동3가,지반,0.1110263817133278
영등포구_양평동3가,침수,-0.005625472523548124
영등포구_양평동3가,지하 공사,-0.2558411259142934
영등포구_양평동3가,하수관,0.29553375286650546
영등포구_양평동3가,지하시설물,-0.2876848766451216
영등포구_양평동4가,지반,0.02893010665178304
영등포구_양평동4가,침수,-0.023194083313631587
영등포구_양평동4가,지하 공사,0.715053225961681
영등포구_양평동4가,하수관,0.23952757685311152
영등포구_양평동4가,지하시설물,-0.33256071362014206
영등포구_양평동5가,지반,0.1110263817133278
영등포구_양평동5가,침수,-0.005625472523548124
영등포구_양평동5가,지하 공사,-0.2558411259142934
영등포구_양평동5가,하수관,0.29553375286650546
영등포구_양평동5가,지하시설물,-0.2876848766451216
영등포구_양평동6가,지반,0.16139376264270644
영등포구_양평동6가,침수,-0.010854580732807364
영등포구_양평동6가,지하 공사,0.7357584291670614
영등포구_양평동6가,하수관,0.243927946548267
영등포구_양평동6가,지하시설물,-0.2548932806886554
영등포구_양화동,지반,0.1110263817133278
영등포구_양화동,침수,-0.005625472523548124
영등포구_양화동,지하 공사,-0.2558411259142934
영등포구_양화동,하수관,0.29553375286650546
영등포구_양화동,지하시설물,-0.2876848766451216
영등포구_여의도동,지반,0.03455197682823817
영등포구_여의도동,침수,-0.025241562825211564
영등포구_여의도동,지하 공사,1.0899506942101942
영등포구_여의도동,하수관,0.3464252595788158
영등포구_여의도동,지하시설물,0.6906542838947017
영등포구_영등포동,지반,0.1110263817133278
영등포구_영등포동,침수,-0.005625472523548124
영등포구_영등포동,지하 공사,-0.2558411259142934
영등포구_영등포동,하수관,0.29553375286650546
영등포구_영등포동,지하시설물,-0.2876848766451216
영등포구_영등포동1가,지반,0.06552769475598465
영등포구_영등포동1가,침수,-0.011033994022538997
영등포구_영등포동1가,지하 공사,-0.3037712707023735
영등포구_영등포동1가,하수관,0.37874001997646617
영등포구_영등포동1가,지하시설물,0.5252017038507585
영등포구_영등포동2가,지반,0.035489384241504066
영등포구_영등포동2가,침수,-0.022819799757045792
영등포구_영등포동2가,지하 공사,0.6457532431468656
영등포구_영등포동2가,하수관,0.24674231298043287
영등포구_영등포동2가,지하시설물,-0.33062607258326643
영등포구_영등포동3가,지반,0.1110263817133278
영등포구_영등포동3가,침수,-0.005625472523548124
영등포구_영등포동3가,지하 공사,-0.2558411259142934
영등포구_영등포동3가,하수관,0.29553375286650546
영등포구_영등포동3가,지하시설물,-0.2876848766451216
영등포구_영등포동4가,지반,0.1110263817133278
영등포구_영등포동4가,침수,-0.005625472523548124
영등포구_영등포동4가,지하 공사,-0.2558411259142934
영등포구_영등포동4가,하수관,0.29553375286650546
영등포구_영등포동4가,지하시설물,-0.2876848766451216
영등포구_영등포동5가,지반,0.06552769475598465
영등포구_영등포동5가,침수,-0.011033994022538997
영등포구_영등포동5가,지하 공사,-0.3037712707023735
영등포구_영등포동5가,하수관,0.37874001997646617
영등포구_영등포동5가,지하시설물,0.5252017038507585
영등포구_영등포동6가,지반,0.1110263817133278
영등포구_영등포동6가,침수,-0.005625472523548124
영등포구_영등포동6가,지하 공사,-0.2558411259142934
영등포구_영등포동6가,하수관,0.29553375286650546
영등포구_영등포동6가,지하시설물,-0.2876848766451216
영등포구_영등포동7가,지반,0.04282049925364592
영등포구_영등포동7가,침수,-0.023195375999910017
영등포구_영등포동7가,지하 공사,0.8090049644474853
영등포구_영등포동7가,하수관,0.21523496667147254
영등포구_영등포동7가,지하시설물,-0.33440228547681594
영등포구_영등포동8가,지반,0.04602865850508016
영등포구_영등포동8가,침수,-0.015786684665938064
영등포구_영등포동8가,지하 공사,0.39724493799386695
영등포구_영등포동8가,하수관,0.3248067388532983
영등포구_영등포동8가,지하시설물,-0.34502100672783304
용산구_갈월동,지반,0.05340068927407191
용산구_갈월동,침수,-0.021195206164928933
용산구_갈월동,지하 공사,0.05791790998253525
용산구_갈월동,하수관,-0.20476052086912258
용산구_갈월동,지하시설물,0.512684254544104
용산구_남영동,지반,0.16840817783789777
용산구_남영동,침수,-0.005625472523548124
용산구_남영동,지하 공사,-0.20376383407528453
용산구_남영동,하수관,-0.08012242310654065
용산구_남영동,지하시설물,-0.2558122588670883
용산구_도원동,지반,0.16840817783789777
용산구_도원동,침수,-0.005625472523548124
용산구_도원동,지하 공사,-0.20376383407528453
용산구_도원동,하수관,-0.08012242310654065
용산구_도원동,지하시설물,-0.2558122588670883
용산구_동빙고동,지반,0.10341045462965018
용산구_동빙고동,침수,-0.015786684665938064
용산구_동빙고동,지하 공사,0.0038484471105974943
용산구_동빙고동,하수관,-0.16020517463048203
용산구_동빙고동,지하시설물,-0.3045375462673946
용산구_동자동,지반,0.0975167731878086
용산구_동자동,침수,-0.011033994022538997
용산구_동자동,지하 공사,-0.23245448250458864
용산구_동자동,하수관,-0.0901393353115644
용산구_동자동,지하시설물,0.47975680904961426
용산구_문배동,지반,0.14319414857867746
용산구_문배동,침수,-0.003821465641699641
용산구_문배동,지하 공사,0.21449771480079827
용산구_문배동,하수관,-0.0749535780782213
용산구_문배동,지하시설물,-0.25054160312270346
용산구_보광동,지반,0.10341045462965018
용산구_보광동,침수,-0.015786684665938064
용산구_보광동,지하 공사,0.0038484471105974943
용산구_보광동,하수관,-0.16020517463048203
용산구_보광동,지하시설물,-0.3045375462673946
용산구_산천동,지반,0.16840817783789777
용산구_산천동,침수,-0.005625472523548124
용산구_산천동,지하 공사,-0.20376383407528453
용산구_산천동,하수관,-0.08012242310654065
용산구_산천동,지하시설물,-0.2558122588670883
용산구_서계동,지반,0.16840817783789777
용산구_서계동,침수,-0.005625472523548124
용산구_서계동,지하 공사,-0.20376383407528453
용산구_서계동,하수관,-0.08012242310654065
용산구_서계동,지하시설물,-0.2558122588670883
용산구_서빙고동,지반,0.08681736428241438
용산구_서빙고동,침수,-0.022819799757045792
용산구_서빙고동,지하 공사,0.49896779209197956
용산구_서빙고동,하수관,-0.3285423212143797
용산구_서빙고동,지하시설물,-0.29014261212282794
용산구_신계동,지반,0.16840817783789777
용산구_신계동,침수,-0.005625472523548124
용산구_신계동,지하 공사,-0.20376383407528453
용산구_신계동,하수관,-0.08012242310654065
용산구_신계동,지하시설물,-0.2558122588670883
용산구_신창동,지반,0.16840817783789777
용산구_신창동,침수,-0.005625472523548124
용산구_신창동,지하 공사,-0.20376383407528453
용산구_신창동,하수관,-0.08012242310654065
용산구_신창동,지하시설물,-0.2558122588670883
용산구_용문동,지반,0.16840817783789777
용산구_용문동,침수,-0.005625472523548124
용산구_용문동,지하 공사,-0.20376383407528453
용산구_용문동,하수관,-0.08012242310654065
용산구_용문동,지하시설물,-0.2558122588670883
용산구_용산동1가,지반,0.22315194331900579
용산구_용산동1가,침수,-0.005625472523548124
용산구_용산동1가,지하 공사,-0.20848067544886828
용산구_용산동1가,하수관,-0.03969954652504974
용산구_용산동1가,지하시설물,-0.24138911936127957
용산구_용산동2가,지반,0.16840817783789777
용산구_용산동2가,침수,-0.005625472523548124
용산구_용산동2가,지하 공사,-0.20376383407528453
용산구_용산동2가,하수관,-0.08012242310654065
용산구_용산동2가,지하시설물,-0.2558122588670883
용산구_용산동3가,지반,0.16840817783789777
용산구_용산동3가,침수,-0.005625472523548124
용산구_용산동3가,지하 공사,-0.20376383407528453
용산구_용산동3가,하수관,-0.08012242310654065
용산구_용산동3가,지하시설물,-0.2558122588670883
용산구_용산동4가,지반,0.0975167731878086
용산구_용산동4가,침수,-0.011033994022538997
용산구_용산동4가,지하 공사,-0.23245448250458864
용산구_용산동4가,하수관,-0.0901393353115644
용산구_용산동4가,지하시설물,0.47975680904961426
용산구_용산동5가,지반,0.0975167731878086
용산구_용산동5가,침수,-0.011033994022538997
용산구_용산동5가,지하 공사,-0.23245448250458864
용산구_용산동5가,하수관,-0.0901393353115644
용산구_용산동5가,지하시설물,0.47975680904961426
용산구_용산동6가,지반,0.16840817783789777
용산구_용산동6가,침수,-0.005625472523548124
용산구_용산동6가,지하 공사,-0.20376383407528453
용산구_용산동6가,하수관,-0.08012242310654065
용산구_용산동6가,지하시설물,-0.2558122588670883
용산구_원효로1가,지반,0.16840817783789777
용산구_원효로1가,침수,-0.005625472523548124
용산구_원효로1가,지하 공사,-0.20376383407528453
용산구_원효로1가,하수관,-0.08012242310654065
용산구_원효로1가,지하시설물,-0.2558122588670883
용산구_원효로2가,지반,0.16840817783789777
용산구_원효로2가,침수,-0.005625472523548124
용산구_원효로2가,지하 공사,-0.20376383407528453
용산구_원효로2가,하수관,-0.08012242310654065
용산구_원효로2가,지하시설물,-0.2558122588670883
용산구_원효로3가,지반,0.10341045462965018
용산구_원효로3가,침수,-0.015786684665938064
용산구_원효로3가,지하 공사,0.3628889024087028
용산구_원효로3가,하수관,-0.1574255434714206
용산구_원효로3가,지하시설물,-0.3045375462673946
용산구_원효로4가,지반,0.09414847929455622
용산구_원효로4가,침수,-0.023195375999910017
용산구_원효로4가,지하 공사,0.6670904680579499
용산구_원효로4가,하수관,-0.3572695526919191
용산구_원효로4가,지하시설물,-0.2939188250163774
용산구_이촌동,지반,0.09414847929455622
용산구_이촌동,침수,-0.023195375999910017
용산구_이촌동,지하 공사,0.43234987085334187
용산구_이촌동,하수관,-0.3428391281629617
용산구_이촌동,지하시설물,-0.297442442234643
용산구_이태원동,지반,0.03943625024538937
용산구_이태원동,침수,-0.028602604812622456
용산구_이태원동,지하 공사,0.5323089934609427
용산구_이태원동,하수관,-0.3993708677622627
용산구_이태원동,지하시설물,0.47151879142417646
용산구_주성동,지반,0.16840817783789777
용산구_주성동,침수,-0.005625472523548124
용산구_주성동,지하 공사,-0.20376383407528453
용산구_주성동,하수관,-0.08012242310654065
용산구_주성동,지하시설물,-0.2558122588670883
용산구_청암동,지반,0.16840817783789777
용산구_청암동,침수,-0.005625472523548124
용산구_청암동,지하 공사,-0.20376383407528453
용산구_청암동,하수관,-0.08012242310654065
용산구_청암동,지하시설물,-0.2558122588670883
용산구_청파동1가,지반,0.16840817783789777
용산구_청파동1가,침수,-0.005625472523548124
용산구_청파동1가,지하 공사,-0.20376383407528453
용산구_청파동1가,하수관,-0.08012242310654065
용산구_청파동1가,지하시설물,-0.2558122588670883
용산구_청파동2가,지반,0.16840817783789777
용산구_청파동2가,침수,-0.005625472523548124
용산구_청파동2가,지하 공사,-0.20376383407528453
용산구_청파동2가,하수관,-0.08012242310654065
용산구_청파동2가,지하시설물,-0.2558122588670883
용산구_청파동3가,지반,0.16840817783789777
용산구_청파동3가,침수,-0.005625472523548124
용산구_청파동3가,지하 공사,-0.20376383407528453
용산구_청파동3가,하수관,-0.08012242310654065
용산구_청파동3가,지하시설물,-0.2558122588670883
용산구_한강로1가,지반,0.1427253364464846
용산구_한강로1가,침수,-0.008158319027198414
용산구_한강로1가,지하 공사,0.13612837499876912
용산구_한강로1가,하수관,-0.11901720010112905
용산구_한강로1가,지하시설물,0.512205724398475
용산구_한강로2가,지반,0.045995527835110385
용산구_한강로2가,침수,-0.02822832125603666
용산구_한강로2가,지하 공사,0.45226578441349885
용산구_한강로2가,하수관,-0.39515087003522137
용산구_한강로2가,지하시설물,0.46758116089377405
용산구_한강로3가,지반,0.07245448458538378
용산구_한강로3가,침수,-0.020904709439712794
용산구_한강로3가,지하 공사,0.8809543300461204
용산구_한강로3가,하수관,-0.33589706066741803
용산구_한강로3가,지하시설물,-0.27221697370294007
용산구_한남동,지반,0.04283866654156111
용산구_한남동,침수,-0.028603897498900892
용산구_한남동,지하 공사,0.440295021819647
용산구_한남동,하수관,-0.4011699998515189
용산구_한남동,지하시설물,0.46909811293836057
용산구_효창동,지반,0.0975167731878086
용산구_효창동,침수,-0.011033994022538997
용산구_효창동,지하 공사,-0.23245448250458864
용산구_효창동,하수관,-0.0901393353115644
용산구_효창동,지하시설물,0.47975680904961426
용산구_후암동,지반,0.16840817783789777
용산구_후암동,침수,-0.005625472523548124
용산구_후암동,지하 공사,-0.20376383407528453
용산구_후암동,하수관,-0.08012242310654065
용산구_후암동,지하시설물,-0.2558122588670883
은평구_갈현동,지반,0.21115831962762366
은평구_갈현동,침수,-0.010902409740349023
은평구_갈현동,지하 공사,0.508215843872953
은평구_갈현동,하수관,0.5581896311327961
은평구_갈현동,지하시설물,0.5022621231712688
은평구_구산동,지반,0.10872251430509255
은평구_구산동,침수,-0.009109739242933781
은평구_구산동,지하 공사,-0.3102978237310137
은평구_구산동,하수관,0.3282446428953658
은평구_구산동,지하시설물,0.38563470763699487
은평구_녹번동,지반,0.19928715736654132
은평구_녹번동,침수,-0.009109739242933781
은평구_녹번동,지하 공사,-0.3218648494193128
은평구_녹번동,하수관,0.3670043194207989
은평구_녹번동,지하시설물,0.39070507694719825
은평구_대조동,지반,0.15465684449549486
은평구_대조동,침수,-0.01090111705407059
은평구_대조동,지하 공사,0.3390340968606204
은평구_대조동,하수관,0.5178192275921248
은평구_대조동,지하시설물,0.47854167734665576
은평구_불광동,지반,0.13175853583475694
은평구_불광동,침수,-0.017231933521119527
은평구_불광동,지하 공사,0.5937218594483753
은평구_불광동,하수관,0.30424816424080603
은평구_불광동,지하시설물,0.37095470818877324
은평구_수색동,지반,0.29951921112861585
은평구_수색동,침수,-0.005118311998493923
은평구_수색동,지하 공사,0.5328084101819309
은평구_수색동,하수관,0.688567739296455
은평구_수색동,지하시설물,-0.24684338616935078
은평구_신사동,지반,0.15465684449549486
은평구_신사동,침수,-0.01090111705407059
은평구_신사동,지하 공사,0.3390340968606204
은평구_신사동,하수관,0.5178192275921248
은평구_신사동,지하시설물,0.47854167734665576
은평구_역촌동,지반,0.38155947341941787
은평구_역촌동,침수,-0.0041500462893138135
은평구_역촌동,지하 공사,-0.23571910497224186
은평구_역촌동,하수관,0.47179356248227156
은평구_역촌동,지하시설물,-0.1980104702635487
은평구_응암동,지반,0.1963522368278921
은평구_응암동,침수,-0.012197695578714446
은평구_응암동,지하 공사,0.6913222020589385
은평구_응암동,하수관,0.39016999494910753
은평구_응암동,지하시설물,-0.2546391089151602
은평구_증산동,지반,0.12005473782415339
은평구_증산동,침수,-0.017607509763983755
은평구_증산동,지하 공사,0.6915076310288557
은평구_증산동,하수관,0.22895441269874747
은평구_증산동,지하시설물,0.4414638944652036
은평구_진관동,지반,0.07132955979107233
은평구_진관동,침수,-0.017606217077705322
은평구_진관동,지하 공사,0.660496782338284
은평구_진관동,하수관,0.31946652405318665
은평구_진관동,지하시설물,0.42799636250954026
종로구_가회동,지반,0.16840817783789777
종로구_가회동,침수,-0.00843575919750675
종로구_가회동,지하 공사,-0.23925161300122003
종로구_가회동,하수관,-0.7413292638583818
종로구_가회동,지하시설물,-0.1989706796777075
종로구_견지동,지반,0.10341045462965018
종로구_견지동,침수,-0.01859697133989669
종로구_견지동,지하 공사,-0.04714037652048943
종로구_견지동,하수관,-0.7429646767289395
종로구_견지동,지하시설물,-0.2596131242745233
종로구_경운동,지반,0.16840817783789777
종로구_경운동,침수,-0.00843575919750675
종로구_경운동,지하 공사,-0.23925161300122003
종로구_경운동,하수관,-0.7413292638583818
종로구_경운동,지하시설물,-0.1989706796777075
종로구_계동,지반,0.16840817783789777
종로구_계동,침수,-0.00843575919750675
종로구_계동,지하 공사,-0.23925161300122003
종로구_계동,하수관,-0.7413292638583818
종로구_계동,지하시설물,-0.1989706796777075
종로구_공평동,지반,0.16432268150508642
종로구_공평동,침수,-0.008884587742877656
종로구_공평동,지하 공사,-0.19254913178819724
종로구_공평동,하수관,-0.72335094461621
종로구_공평동,지하시설물,-0.22310499127348563
종로구_관수동,지반,0.16840817783789777
종로구_관수동,침수,-0.00843575919750675
종로구_관수동,지하 공사,-0.23925161300122003
종로구_관수동,하수관,-0.7413292638583818
종로구_관수동,지하시설물,-0.1989706796777075
종로구_관철동,지반,0.10341045462965018
종로구_관철동,침수,-0.01859697133989669
종로구_관철동,지하 공사,-0.04714037652048943
종로구_관철동,하수관,-0.7429646767289395
종로구_관철동,지하시설물,-0.2596131242745233
종로구_관훈동,지반,0.14393791683892024
종로구_관훈동,침수,-0.007892355961423314
종로구_관훈동,지하 공사,0.014482872122457843
종로구_관훈동,하수관,-0.7209672131097897
종로구_관훈동,지하시설물,-0.2605916990123963
종로구_교남동,지반,0.10341045462965018
종로구_교남동,침수,-0.01859697133989669
종로구_교남동,지하 공사,-0.04714037652048943
종로구_교남동,하수관,-0.7429646767289395
종로구_교남동,지하시설물,-0.2596131242745233
종로구_교북동,지반,0.16840817783789777
종로구_교북동,침수,-0.00843575919750675
종로구_교북동,지하 공사,-0.23925161300122003
종로구_교북동,하수관,-0.7413292638583818
종로구_교북동,지하시설물,-0.1989706796777075
종로구_구기동,지반,0.16432268150508642
종로구_구기동,침수,-0.008884587742877656
종로구_구기동,지하 공사,-0.19254913178819724
종로구_구기동,하수관,-0.72335094461621
종로구_구기동,지하시설물,-0.22310499127348563
종로구_궁정동,지반,0.16840817783789777
종로구_궁정동,침수,-0.00843575919750675
종로구_궁정동,지하 공사,-0.23925161300122003
종로구_궁정동,하수관,-0.7413292638583818
종로구_궁정동,지하시설물,-0.1989706796777075
종로구_권농동,지반,0.16840817783789777
종로구_권농동,침수,-0.00843575919750675
종로구_권농동,지하 공사,-0.23925161300122003
종로구_권농동,하수관,-0.7413292638583818
종로구_권농동,지하시설물,-0.1989706796777075
종로구_낙원동,지반,0.16840817783789777
종로구_낙원동,침수,-0.00843575919750675
종로구_낙원동,지하 공사,-0.23925161300122003
종로구_낙원동,하수관,-0.7413292638583818
종로구_낙원동,지하시설물,-0.1989706796777075
종로구_내수동,지반,0.16840817783789777
종로구_내수동,침수,-0.00843575919750675
종로구_내수동,지하 공사,-0.23925161300122003
종로구_내수동,하수관,-0.7413292638583818
종로구_내수동,지하시설물,-0.1989706796777075
종로구_내자동,지반,0.16840817783789777
종로구_내자동,침수,-0.00843575919750675
종로구_내자동,지하 공사,-0.23925161300122003
종로구_내자동,하수관,-0.7413292638583818
종로구_내자동,지하시설물,-0.1989706796777075
종로구_누상동,지반,0.16840817783789777
종로구_누상동,침수,-0.00843575919750675
종로구_누상동,지하 공사,-0.23925161300122003
종로구_누상동,하수관,-0.7413292638583818
종로구_누상동,지하시설물,-0.1989706796777075
종로구_누하동,지반,0.16840817783789777
종로구_누하동,침수,-0.00843575919750675
종로구_누하동,지하 공사,-0.23925161300122003
종로구_누하동,하수관,-0.7413292638583818
종로구_누하동,지하시설물,-0.1989706796777075
종로구_당주동,지반,0.16840817783789777
종로구_당주동,침수,-0.00843575919750675
종로구_당주동,지하 공사,-0.23925161300122003
종로구_당주동,하수관,-0.7413292638583818
종로구_당주동,지하시설물,-0.1989706796777075
종로구_도렴동,지반,0.16840817783789777
종로구_도렴동,침수,-0.00843575919750675
종로구_도렴동,지하 공사,-0.23925161300122003
종로구_도렴동,하수관,-0.7413292638583818
종로구_도렴동,지하시설물,-0.1989706796777075
종로구_돈의동,지반,0.0975167731878086
종로구_돈의동,침수,-0.03001749946747593
종로구_돈의동,지하 공사,-0.2912174259430369
종로구_돈의동,하수관,-0.9021073586164281
종로구_돈의동,지하시설물,0.3790910904751159
종로구_동숭동,지반,0.09414847929455622
종로구_동숭동,침수,-0.02567764760639565
종로구_동숭동,지하 공사,0.9557637153141961
종로구_동숭동,하수관,-0.5651381225672156
종로구_동숭동,지하시설물,-0.2530003758918785
종로구_명륜1가,지반,0.16840817783789777
종로구_명륜1가,침수,-0.00843575919750675
종로구_명륜1가,지하 공사,-0.23925161300122003
종로구_명륜1가,하수관,-0.7413292638583818
종로구_명륜1가,지하시설물,-0.1989706796777075
종로구_명륜2가,지반,0.16840817783789777
종로구_명륜2가,침수,-0.00843575919750675
종로구_명륜2가,지하 공사,-0.23925161300122003
종로구_명륜2가,하수관,-0.7413292638583818
종로구_명륜2가,지하시설물,-0.1989706796777075
종로구_명륜3가,지반,0.10341045462965018
종로구_명륜3가,침수,-0.01897125489648248
종로구_명륜3가,지하 공사,0.0655943605378749
종로구_명륜3가,하수관,-0.7418282556614162
종로구_명륜3가,지하시설물,-0.26154776531139895
종로구_명륜4가,지반,0.0975167731878086
종로구_명륜4가,침수,-0.03001749946747593
종로구_명륜4가,지하 공사,-0.2912174259430369
종로구_명륜4가,하수관,-0.9021073586164281
종로구_명륜4가,지하시설물,0.3790910904751159
종로구_묘동,지반,0.0975167731878086
종로구_묘동,침수,-0.03001749946747593
종로구_묘동,지하 공사,-0.2912174259430369
종로구_묘동,하수관,-0.9021073586164281
종로구_묘동,지하시설물,0.3790910904751159
종로구_무악동,지반,0.16840817783789777
종로구_무악동,침수,-0.00843575919750675
종로구_무악동,지하 공사,-0.23925161300122003
종로구_무악동,하수관,-0.7413292638583818
종로구_무악동,지하시설물,-0.1989706796777075
종로구_봉익동,지반,0.16840817783789777
종로구_봉익동,침수,-0.00843575919750675
종로구_봉익동,지하 공사,-0.23925161300122003
종로구_봉익동,하수관,-0.7413292638583818
종로구_봉익동,지하시설물,-0.1989706796777075
종로구_부암동,지반,0.14393791683892024
종로구_부암동,침수,-0.007892355961423314
종로구_부암동,지하 공사,-0.021710141143855707
종로구_부암동,하수관,-0.733273982486216
종로구_부암동,지하시설물,-0.2605916990123963
종로구_사간동,지반,0.16840817783789777
종로구_사간동,침수,-0.00843575919750675
종로구_사간동,지하 공사,-0.23925161300122003
종로구_사간동,하수관,-0.7413292638583818
종로구_사간동,지하시설물,-0.1989706796777075
종로구_사직동,지반,0.16840817783789777
종로구_사직동,침수,-0.00843575919750675
종로구_사직동,지하 공사,-0.23925161300122003
종로구_사직동,하수관,-0.7413292638583818
종로구_사직동,지하시설물,-0.1989706796777075
종로구_삼청동,지반,0.16840817783789777
종로구_삼청동,침수,-0.00843575919750675
종로구_삼청동,지하 공사,-0.23925161300122003
종로구_삼청동,하수관,-0.7413292638583818
종로구_삼청동,지하시설물,-0.1989706796777075
종로구_서린동,지반,0.10341045462965018
종로구_서린동,침수,-0.01859697133989669
종로구_서린동,지하 공사,-0.04714037652048943
종로구_서린동,하수관,-0.7429646767289395
종로구_서린동,지하시설물,-0.2596131242745233
종로구_세종로,지반,0.0975167731878086
종로구_세종로,침수,-0.03001749946747593
종로구_세종로,지하 공사,-0.2912174259430369
종로구_세종로,하수관,-0.9021073586164281
종로구_세종로,지하시설물,0.3790910904751159
종로구_소격동,지반,0.16840817783789777
종로구_소격동,침수,-0.00843575919750675
종로구_소격동,지하 공사,-0.23925161300122003
종로구_소격동,하수관,-0.7413292638583818
종로구_소격동,지하시설물,-0.1989706796777075
종로구_송월동,지반,0.16840817783789777
종로구_송월동,침수,-0.00843575919750675
종로구_송월동,지하 공사,-0.23925161300122003
종로구_송월동,하수관,-0.7413292638583818
종로구_송월동,지하시설물,-0.1989706796777075
종로구_송현동,지반,0.16840817783789777
종로구_송현동,침수,-0.00843575919750675
종로구_송현동,지하 공사,-0.23925161300122003
종로구_송현동,하수관,-0.7413292638583818
종로구_송현동,지하시설물,-0.1989706796777075
종로구_수송동,지반,0.16840817783789777
종로구_수송동,침수,-0.00843575919750675
종로구_수송동,지하 공사,-0.23925161300122003
종로구_수송동,하수관,-0.7413292638583818
종로구_수송동,지하시설물,-0.1989706796777075
종로구_숭인동,지반,0.06167797076792762
종로구_숭인동,침수,-0.040554287852730096
종로구_숭인동,지하 공사,0.24964805190130576
종로구_숭인동,하수관,-0.911535360379783
종로구_숭인동,지하시설물,0.5920700511398934
종로구_신교동,지반,0.16840817783789777
종로구_신교동,침수,-0.00843575919750675
종로구_신교동,지하 공사,-0.23925161300122003
종로구_신교동,하수관,-0.7413292638583818
종로구_신교동,지하시설물,-0.1989706796777075
종로구_신문로1가,지반,0.16840817783789777
종로구_신문로1가,침수,-0.00843575919750675
종로구_신문로1가,지하 공사,-0.23925161300122003
종로구_신문로1가,하수관,-0.7413292638583818
종로구_신문로1가,지하시설물,-0.1989706796777075
종로구_신문로2가,지반,0.16840817783789777
종로구_신문로2가,침수,-0.00843575919750675
종로구_신문로2가,지하 공사,-0.23925161300122003
종로구_신문로2가,하수관,-0.7413292638583818
종로구_신문로2가,지하시설물,-0.1989706796777075
종로구_신영동,지반,0.16840817783789777
종로구_신영동,침수,-0.00843575919750675
종로구_신영동,지하 공사,-0.23925161300122003
종로구_신영동,하수관,-0.7413292638583818
종로구_신영동,지하시설물,-0.1989706796777075
종로구_안국동,지반,0.0975167731878086
종로구_안국동,침수,-0.03001749946747593
종로구_안국동,지하 공사,-0.2912174259430369
종로구_안국동,하수관,-0.9021073586164281
종로구_안국동,지하시설물,0.3790910904751159
종로구_연건동,지반,0.14393791683892024
종로구_연건동,침수,-0.007892355961423314
종로구_연건동,지하 공사,-0.021710141143855707
종로구_연건동,하수관,-0.733273982486216
종로구_연건동,지하시설물,-0.2605916990123963
종로구_연지동,지반,0.16840817783789777
종로구_연지동,침수,-0.00843575919750675
종로구_연지동,지하 공사,-0.23925161300122003
종로구_연지동,하수관,-0.7413292638583818
종로구_연지동,지하시설물,-0.1989706796777075
종로구_예지동,지반,0.16840817783789777
종로구_예지동,침수,-0.00843575919750675
종로구_예지동,지하 공사,-0.23925161300122003
종로구_예지동,하수관,-0.7413292638583818
종로구_예지동,지하시설물,-0.1989706796777075
종로구_옥인동,지반,0.16840817783789777
종로구_옥인동,침수,-0.00843575919750675
종로구_옥인동,지하 공사,-0.23925161300122003
종로구_옥인동,하수관,-0.7413292638583818
종로구_옥인동,지하시설물,-0.1989706796777075
종로구_와룡동,지반,0.34988178469940234
종로구_와룡동,침수,-0.00843575919750675
종로구_와룡동,지하 공사,-0.2448774028551943
종로구_와룡동,하수관,-0.7276830374743828
종로구_와룡동,지하시설물,-0.16655099883141353
종로구_운니동,지반,0.16840817783789777
종로구_운니동,침수,-0.00843575919750675
종로구_운니동,지하 공사,-0.23925161300122003
종로구_운니동,하수관,-0.7413292638583818
종로구_운니동,지하시설물,-0.1989706796777075
종로구_원남동,지반,0.16840817783789777
종로구_원남동,침수,-0.00843575919750675
종로구_원남동,지하 공사,-0.23925161300122003
종로구_원남동,하수관,-0.7413292638583818
종로구_원남동,지하시설물,-0.1989706796777075
종로구_원서동,지반,0.16840817783789777
종로구_원서동,침수,-0.00843575919750675
종로구_원서동,지하 공사,-0.23925161300122003
종로구_원서동,하수관,-0.7413292638583818
종로구_원서동,지하시설물,-0.1989706796777075
종로구_이화동,지반,0.16840817783789777
종로구_이화동,침수,-0.00843575919750675
종로구_이화동,지하 공사,-0.23925161300122003
종로구_이화동,하수관,-0.7413292638583818
종로구_이화동,지하시설물,-0.1989706796777075
종로구_익선동,지반,0.16840817783789777
종로구_익선동,침수,-0.00843575919750675
종로구_익선동,지하 공사,-0.23925161300122003
종로구_익선동,하수관,-0.7413292638583818
종로구_익선동,지하시설물,-0.1989706796777075
종로구_인사동,지반,0.16840817783789777
종로구_인사동,침수,-0.00843575919750675
종로구_인사동,지하 공사,-0.23925161300122003
종로구_인사동,하수관,-0.7413292638583818
종로구_인사동,지하시설물,-0.1989706796777075
종로구_인의동,지반,0.16840817783789777
종로구_인의동,침수,-0.00843575919750675
종로구_인의동,지하 공사,-0.23925161300122003
종로구_인의동,하수관,-0.7413292638583818
종로구_인의동,지하시설물,-0.1989706796777075
종로구_장사동,지반,0.16840817783789777
종로구_장사동,침수,-0.00843575919750675
종로구_장사동,지하 공사,-0.23925161300122003
종로구_장사동,하수관,-0.7413292638583818
종로구_장사동,지하시설물,-0.1989706796777075
종로구_재동,지반,0.16840817783789777
종로구_재동,침수,-0.00843575919750675
종로구_재동,지하 공사,-0.23925161300122003
종로구_재동,하수관,-0.7413292638583818
종로구_재동,지하시설물,-0.1989706796777075
종로구_적선동,지반,0.05711452499097835
종로구_적선동,침수,-0.03719195317904077
종로구_적선동,지하 공사,0.5123549186671708
종로구_적선동,하수관,-0.8891050770512336
종로구_적선동,지하시설물,0.4215506159839861
종로구_종로1가,지반,0.0975167731878086
종로구_종로1가,침수,-0.03001749946747593
종로구_종로1가,지하 공사,-0.2912174259430369
종로구_종로1가,하수관,-0.9021073586164281
종로구_종로1가,지하시설물,0.3790910904751159
종로구_종로2가,지반,0.16840817783789777
종로구_종로2가,침수,-0.00843575919750675
종로구_종로2가,지하 공사,-0.23925161300122003
종로구_종로2가,하수관,-0.7413292638583818
종로구_종로2가,지하시설물,-0.1989706796777075
종로구_종로3가,지반,0.0975167731878086
종로구_종로3가,침수,-0.03001749946747593
종로구_종로3가,지하 공사,-0.2912174259430369
종로구_종로3가,하수관,-0.9021073586164281
종로구_종로3가,지하시설물,0.3790910904751159
종로구_종로4가,지반,0.16840817783789777
종로구_종로4가,침수,-0.00843575919750675
종로구_종로4가,지하 공사,-0.23925161300122003
종로구_종로4가,하수관,-0.7413292638583818
종로구_종로4가,지하시설물,-0.1989706796777075
종로구_종로5가,지반,0.0975167731878086
종로구_종로5가,침수,-0.03001749946747593
종로구_종로5가,지하 공사,-0.2912174259430369
종로구_종로5가,하수관,-0.9021073586164281
종로구_종로5가,지하시설물,0.3790910904751159
종로구_종로6가,지반,0.05024382798052264
종로구_종로6가,침수,-0.040554287852730096
종로구_종로6가,지하 공사,0.21405528720235156
종로구_종로6가,하수관,-0.9196155017584218
종로구_종로6가,지하시설물,0.45661179627376214
종로구_중학동,지반,0.16840817783789777
종로구_중학동,침수,-0.00843575919750675
종로구_중학동,지하 공사,-0.23925161300122003
종로구_중학동,하수관,-0.7413292638583818
종로구_중학동,지하시설물,-0.1989706796777075
종로구_창성동,지반,0.16840817783789777
종로구_창성동,침수,-0.00843575919750675
종로구_창성동,지하 공사,-0.23925161300122003
종로구_창성동,하수관,-0.7413292638583818
종로구_창성동,지하시설물,-0.1989706796777075
종로구_창신동,지반,0.10895091597521359
종로구_창신동,침수,-0.03001749946747593
종로구_창신동,지하 공사,-0.3188021384014802
종로구_창신동,하수관,-0.9113258585419454
종로구_창신동,지하시설물,0.4474687634973028
종로구_청운동,지반,0.16840817783789777
종로구_청운동,침수,-0.00843575919750675
종로구_청운동,지하 공사,-0.23925161300122003
종로구_청운동,하수관,-0.7413292638583818
종로구_청운동,지하시설물,-0.1989706796777075
종로구_청진동,지반,0.16840817783789777
종로구_청진동,침수,-0.00843575919750675
종로구_청진동,지하 공사,-0.23925161300122003
종로구_청진동,하수관,-0.7413292638583818
종로구_청진동,지하시설물,-0.1989706796777075
종로구_체부동,지반,0.16840817783789777
종로구_체부동,침수,-0.00843575919750675
종로구_체부동,지하 공사,-0.23925161300122003
종로구_체부동,하수관,-0.7413292638583818
종로구_체부동,지하시설물,-0.1989706796777075
종로구_충신동,지반,0.16840817783789777
종로구_충신동,침수,-0.00843575919750675
종로구_충신동,지하 공사,-0.23925161300122003
종로구_충신동,하수관,-0.7413292638583818
종로구_충신동,지하시설물,-0.1989706796777075
종로구_통의동,지반,0.16840817783789777
종로구_통의동,침수,-0.00843575919750675
종로구_통의동,지하 공사,-0.23925161300122003
종로구_통의동,하수관,-0.7413292638583818
종로구_통의동,지하시설물,-0.1989706796777075
종로구_통인동,지반,0.16840817783789777
종로구_통인동,침수,-0.00843575919750675
종로구_통인동,지하 공사,-0.23925161300122003
종로구_통인동,하수관,-0.7413292638583818
종로구_통인동,지하시설물,-0.1989706796777075
종로구_팔판동,지반,0.16840817783789777
종로구_팔판동,침수,-0.00843575919750675
종로구_팔판동,지하 공사,-0.23925161300122003
종로구_팔판동,하수관,-0.7413292638583818
종로구_팔판동,지하시설물,-0.1989706796777075
종로구_평동,지반,0.0975167731878086
종로구_평동,침수,-0.03001749946747593
종로구_평동,지하 공사,-0.2912174259430369
종로구_평동,하수관,-0.9021073586164281
종로구_평동,지하시설물,0.3790910904751159
종로구_평창동,지반,0.11074156964179196
종로구_평창동,침수,-0.018972547582760915
종로구_평창동,지하 공사,0.06996540994765293
종로구_평창동,하수관,-0.7879788467386373
종로구_평창동,지하시설물,-0.2610898596043508
종로구_필운동,지반,0.16840817783789777
종로구_필운동,침수,-0.00843575919750675
종로구_필운동,지하 공사,-0.23925161300122003
종로구_필운동,하수관,-0.7413292638583818
종로구_필운동,지하시설물,-0.1989706796777075
종로구_행촌동,지반,0.16840817783789777
종로구_행촌동,침수,-0.00843575919750675
종로구_행촌동,지하 공사,-0.23925161300122003
종로구_행촌동,하수관,-0.7413292638583818
종로구_행촌동,지하시설물,-0.1989706796777075
종로구_혜화동,지반,0.16840817783789777
종로구_혜화동,침수,-0.00843575919750675
종로구_혜화동,지하 공사,-0.23925161300122003
종로구_혜화동,하수관,-0.7413292638583818
종로구_혜화동,지하시설물,-0.1989706796777075
종로구_홍지동,지반,0.16840817783789777
종로구_홍지동,침수,-0.00843575919750675
종로구_홍지동,지하 공사,-0.23925161300122003
종로구_홍지동,하수관,-0.7413292638583818
종로구_홍지동,지하시설물,-0.1989706796777075
종로구_홍파동,지반,0.16840817783789777
종로구_홍파동,침수,-0.00843575919750675
종로구_홍파동,지하 공사,-0.23925161300122003
종로구_홍파동,하수관,-0.7413292638583818
종로구_홍파동,지하시설물,-0.1989706796777075
종로구_화동,지반,0.16840817783789777
종로구_화동,침수,-0.00843575919750675
종로구_화동,지하 공사,-0.23925161300122003
종로구_화동,하수관,-0.7413292638583818
종로구_화동,지하시설물,-0.1989706796777075
종로구_효자동,지반,0.16840817783789777
종로구_효자동,침수,-0.00843575919750675
종로구_효자동,지하 공사,-0.23925161300122003
종로구_효자동,하수관,-0.7413292638583818
종로구_효자동,지하시설물,-0.1989706796777075
종로구_효제동,지반,0.10341045462965018
종로구_효제동,침수,-0.01859697133989669
종로구_효제동,지하 공사,-0.04714037652048943
종로구_효제동,하수관,-0.7429646767289395
종로구_효제동,지하시설물,-0.2596131242745233
종로구_훈정동,지반,0.16840817783789777
종로구_훈정동,침수,-0.00843575919750675
종로구_훈정동,지하 공사,-0.23925161300122003
종로구_훈정동,하수관,-0.7413292638583818
종로구_훈정동,지하시설물,-0.1989706796777075
중구_광희동1가,지반,-0.2112198727135494
중구_광희동1가,침수,-0.04051582846799007
중구_광희동1가,지하 공사,0.21711308603678514
중구_광희동1가,하수관,-0.7661706812579405
중구_광희동1가,지하시설물,0.8013501365723759
중구_광희동2가,지반,-0.2112198727135494
중구_광희동2가,침수,-0.04051582846799007
중구_광희동2가,지하 공사,0.22101619072333306
중구_광희동2가,하수관,-0.7700737859444882
중구_광희동2가,지하시설물,0.8013501365723759
중구_남대문로1가,지반,-0.6485643308357302
중구_남대문로1가,침수,-0.008397299812766722
중구_남대문로1가,지하 공사,-0.2569765768578953
중구_남대문로1가,하수관,-0.6832695721128379
중구_남대문로1가,지하시설물,-0.384199951781563
중구_남대문로2가,지반,-0.6485643308357302
중구_남대문로2가,침수,-0.008397299812766722
중구_남대문로2가,지하 공사,-0.2569765768578953
중구_남대문로2가,하수관,-0.6832695721128379
중구_남대문로2가,지하시설물,-0.384199951781563
중구_남대문로3가,지반,-0.6485643308357302
중구_남대문로3가,침수,-0.008397299812766722
중구_남대문로3가,지하 공사,-0.2569765768578953
중구_남대문로3가,하수관,-0.6832695721128379
중구_남대문로3가,지하시설물,-0.384199951781563
중구_남대문로4가,지반,-0.6485643308357302
중구_남대문로4가,침수,-0.008397299812766722
중구_남대문로4가,지하 공사,-0.2569765768578953
중구_남대문로4가,하수관,-0.6832695721128379
중구_남대문로4가,지하시설물,-0.384199951781563
중구_남대문로5가,지반,-0.1944786897031424
중구_남대문로5가,침수,-0.04717336731623356
중구_남대문로5가,지하 공사,0.7073004313126093
중구_남대문로5가,하수관,-0.7013379690811556
중구_남대문로5가,지하시설물,0.7074233139130055
중구_남산동1가,지반,-0.6485643308357302
중구_남산동1가,침수,-0.008397299812766722
중구_남산동1가,지하 공사,-0.2569765768578953
중구_남산동1가,하수관,-0.6832695721128379
중구_남산동1가,지하시설물,-0.384199951781563
중구_남산동2가,지반,-0.41885426702091433
중구_남산동2가,침수,-0.018934088198020886
중구_남산동2가,지하 공사,0.14298931282544966
중구_남산동2가,하수관,-0.8642172064362195
중구_남산동2가,지하시설물,-0.4401919189727821
중구_남산동3가,지반,-0.563738058983526
중구_남산동3가,침수,-0.014887011667791012
중구_남산동3가,지하 공사,0.7346308853292046
중구_남산동3가,하수관,-0.6810277075284222
중구_남산동3가,지하시설물,-0.4236456137921491
중구_남창동,지반,-0.20455429534472958
중구_남창동,침수,-0.040140252225125836
중구_남창동,지하 공사,0.04329391210927943
중구_남창동,하수관,-0.7395691190325773
중구_남창동,지하시설물,0.7700349237518478
중구_남학동,지반,-0.6485643308357302
중구_남학동,침수,-0.008397299812766722
중구_남학동,지하 공사,-0.2569765768578953
중구_남학동,하수관,-0.6832695721128379
중구_남학동,지하시설물,-0.384199951781563
중구_다동,지반,-0.6485643308357302
중구_다동,침수,-0.008397299812766722
중구_다동,지하 공사,-0.2569765768578953
중구_다동,하수관,-0.6832695721128379
중구_다동,지하시설물,-0.384199951781563
중구_만리동1가,지반,-0.6485643308357302
중구_만리동1가,침수,-0.008397299812766722
중구_만리동1가,지하 공사,-0.2569765768578953
중구_만리동1가,하수관,-0.6832695721128379
중구_만리동1가,지하시설물,-0.384199951781563
중구_만리동2가,지반,-0.6485643308357302
중구_만리동2가,침수,-0.008397299812766722
중구_만리동2가,지하 공사,-0.2569765768578953
중구_만리동2가,하수관,-0.6832695721128379
중구_만리동2가,지하시설물,-0.384199951781563
중구_명동1가,지반,-0.6485643308357302
중구_명동1가,침수,-0.008397299812766722
중구_명동1가,지하 공사,-0.2569765768578953
중구_명동1가,하수관,-0.6832695721128379
중구_명동1가,지하시설물,-0.384199951781563
중구_명동2가,지반,-0.6485643308357302
중구_명동2가,침수,-0.008397299812766722
중구_명동2가,지하 공사,-0.2569765768578953
중구_명동2가,하수관,-0.6832695721128379
중구_명동2가,지하시설물,-0.384199951781563
중구_무교동,지반,-0.32693126141403916
중구_무교동,침수,-0.016643421637823667
중구_무교동,지하 공사,0.6277436260560622
중구_무교동,하수관,-0.8948249148039177
중구_무교동,지하시설물,-0.37755114395108375
중구_무학동,지반,-0.6485643308357302
중구_무학동,침수,-0.008397299812766722
중구_무학동,지하 공사,-0.2569765768578953
중구_무학동,하수관,-0.6832695721128379
중구_무학동,지하시설물,-0.384199951781563
중구_묵정동,지반,-0.6485643308357302
중구_묵정동,침수,-0.008397299812766722
중구_묵정동,지하 공사,-0.2569765768578953
중구_묵정동,하수관,-0.6832695721128379
중구_묵정동,지하시설물,-0.384199951781563
중구_방산동,지반,-0.6485643308357302
중구_방산동,침수,-0.008397299812766722
중구_방산동,지하 공사,-0.2569765768578953
중구_방산동,하수관,-0.6832695721128379
중구_방산동,지하시설물,-0.384199951781563
중구_봉래동1가,지반,-0.6485643308357302
중구_봉래동1가,침수,-0.008397299812766722
중구_봉래동1가,지하 공사,-0.2569765768578953
중구_봉래동1가,하수관,-0.6832695721128379
중구_봉래동1가,지하시설물,-0.384199951781563
중구_봉래동2가,지반,-0.3857248424621531
중구_봉래동2가,침수,-0.018558511955156655
중구_봉래동2가,지하 공사,0.018515764365137632
중구_봉래동2가,하수관,-0.8916144438979835
중구_봉래동2가,지하시설물,-0.4234390485775545
중구_북창동,지반,-0.6485643308357302
중구_북창동,침수,-0.008397299812766722
중구_북창동,지하 공사,-0.2569765768578953
중구_북창동,하수관,-0.6832695721128379
중구_북창동,지하시설물,-0.384199951781563
중구_산림동,지반,-0.3857248424621531
중구_산림동,침수,-0.018558511955156655
중구_산림동,지하 공사,0.018515764365137632
중구_산림동,하수관,-0.8916144438979835
중구_산림동,지하시설물,-0.4234390485775545
중구_삼각동,지반,-0.6485643308357302
중구_삼각동,침수,-0.008397299812766722
중구_삼각동,지하 공사,-0.2569765768578953
중구_삼각동,하수관,-0.6832695721128379
중구_삼각동,지하시설물,-0.384199951781563
중구_서소문동,지반,-0.1944786897031424
중구_서소문동,침수,-0.04717336731623356
중구_서소문동,지하 공사,0.7073004313126093
중구_서소문동,하수관,-0.7013379690811556
중구_서소문동,지하시설물,0.7074233139130055
중구_소공동,지반,-0.6485643308357302
중구_소공동,침수,-0.008397299812766722
중구_소공동,지하 공사,-0.2569765768578953
중구_소공동,하수관,-0.6832695721128379
중구_소공동,지하시설물,-0.384199951781563
중구_수표동,지반,-0.3519095383675897
중구_수표동,침수,-0.025591627046264383
중구_수표동,지하 공사,0.7655965800509755
중구_수표동,하수관,-0.8487024822068443
중구_수표동,지하시설물,-0.402976361933888
중구_수하동,지반,-0.6485643308357302
중구_수하동,침수,-0.008397299812766722
중구_수하동,지하 공사,-0.2569765768578953
중구_수하동,하수관,-0.6832695721128379
중구_수하동,지하시설물,-0.384199951781563
중구_순화동,지반,-0.3519095383675897
중구_순화동,침수,-0.025591627046264383
중구_순화동,지하 공사,0.8074441249901503
중구_순화동,하수관,-0.8401073478543479
중구_순화동,지하시설물,-0.402976361933888
중구_신당동,지반,-0.19520089478547828
중구_신당동,침수,-0.04754894355909779
중구_신당동,지하 공사,0.9155278932561606
중구_신당동,하수관,-0.6538192070580697
중구_신당동,지하시설물,0.8510831242238337
중구_쌍림동,지반,-0.6485643308357302
중구_쌍림동,침수,-0.008397299812766722
중구_쌍림동,지하 공사,-0.2569765768578953
중구_쌍림동,하수관,-0.6832695721128379
중구_쌍림동,지하시설물,-0.384199951781563
중구_예관동,지반,-0.41885426702091433
중구_예관동,침수,-0.018934088198020886
중구_예관동,지하 공사,0.1481699597634352
중구_예관동,하수관,-0.9223337343787535
중구_예관동,지하시설물,-0.4401919189727821
중구_예장동,지반,0.2478432802499755
중구_예장동,침수,-0.018934088198020886
중구_예장동,지하 공사,-0.0409592677645356
중구_예장동,하수관,-0.8811949233501716
중구_예장동,지하시설물,-0.33874692953722974
중구_오장동,지반,-0.3499899490356041
중구_오장동,침수,-0.025965910602850178
중구_오장동,지하 공사,0.9684153557709774
중구_오장동,하수관,-0.8550870394250011
중구_오장동,지하시설물,-0.40491100297076366
중구_을지로1가,지반,-0.1944786897031424
중구_을지로1가,침수,-0.04717336731623356
중구_을지로1가,지하 공사,0.7491479762517841
중구_을지로1가,하수관,-0.6927428347286593
중구_을지로1가,지하시설물,0.7074233139130055
중구_을지로2가,지반,-0.3857248424621531
중구_을지로2가,침수,-0.018558511955156655
중구_을지로2가,지하 공사,0.018515764365137632
중구_을지로2가,하수관,-0.8916144438979835
중구_을지로2가,지하시설물,-0.4234390485775545
중구_을지로3가,지반,-0.1885353174166585
중구_을지로3가,침수,-0.04717336731623356
중구_을지로3가,지하 공사,1.0178051338295901
중구_을지로3가,하수관,-0.7024988157801222
중구_을지로3가,지하시설물,0.8820182137502546
중구_을지로4가,지반,-0.40827725782910124
중구_을지로4가,침수,-0.0299790400827359
중구_을지로4가,지하 공사,-0.2841307459053706
중구_을지로4가,하수관,-0.5458561838879076
중구_을지로4가,지하시설물,0.7584490821626675
중구_을지로5가,지반,-0.6485643308357302
중구_을지로5가,침수,-0.008397299812766722
중구_을지로5가,지하 공사,-0.2569765768578953
중구_을지로5가,하수관,-0.6832695721128379
중구_을지로5가,지하시설물,-0.384199951781563
중구_을지로6가,지반,-0.6485643308357302
중구_을지로6가,침수,-0.008397299812766722
중구_을지로6가,지하 공사,-0.2569765768578953
중구_을지로6가,하수관,-0.6832695721128379
중구_을지로6가,지하시설물,-0.384199951781563
중구_을지로7가,지반,-0.6485643308357302
중구_을지로7가,침수,-0.008397299812766722
중구_을지로7가,지하 공사,-0.2569765768578953
중구_을지로7가,하수관,-0.6832695721128379
중구_을지로7가,지하시설물,-0.384199951781563
중구_의주로1가,지반,-0.6485643308357302
중구_의주로1가,침수,-0.008397299812766722
중구_의주로1가,지하 공사,-0.2569765768578953
중구_의주로1가,하수관,-0.6832695721128379
중구_의주로1가,지하시설물,-0.384199951781563
중구_의주로2가,지반,-0.6485643308357302
중구_의주로2가,침수,-0.008397299812766722
중구_의주로2가,지하 공사,-0.2569765768578953
중구_의주로2가,하수관,-0.6832695721128379
중구_의주로2가,지하시설물,-0.384199951781563
중구_인현동1가,지반,-0.6485643308357302
중구_인현동1가,침수,-0.008397299812766722
중구_인현동1가,지하 공사,-0.2569765768578953
중구_인현동1가,하수관,-0.6832695721128379
중구_인현동1가,지하시설물,-0.384199951781563
중구_인현동2가,지반,-0.6485643308357302
중구_인현동2가,침수,-0.008397299812766722
중구_인현동2가,지하 공사,-0.2569765768578953
중구_인현동2가,하수관,-0.6832695721128379
중구_인현동2가,지하시설물,-0.384199951781563
중구_입정동,지반,-0.3519095383675897
중구_입정동,침수,-0.025591627046264383
중구_입정동,지하 공사,0.8074441249901503
중구_입정동,하수관,-0.8401073478543479
중구_입정동,지하시설물,-0.402976361933888
중구_장교동,지반,-0.6485643308357302
중구_장교동,침수,-0.008397299812766722
중구_장교동,지하 공사,-0.2569765768578953
중구_장교동,하수관,-0.6832695721128379
중구_장교동,지하시설물,-0.384199951781563
중구_장충동1가,지반,-0.6485643308357302
중구_장충동1가,침수,-0.008397299812766722
중구_장충동1가,지하 공사,-0.2569765768578953
중구_장충동1가,하수관,-0.6832695721128379
중구_장충동1가,지하시설물,-0.384199951781563
중구_장충동2가,지반,-0.20455429534472958
중구_장충동2가,침수,-0.040140252225125836
중구_장충동2가,지하 공사,0.04329391210927943
중구_장충동2가,하수관,-0.7395691190325773
중구_장충동2가,지하시설물,0.7700349237518478
중구_저동1가,지반,-0.6485643308357302
중구_저동1가,침수,-0.008397299812766722
중구_저동1가,지하 공사,-0.2569765768578953
중구_저동1가,하수관,-0.6832695721128379
중구_저동1가,지하시설물,-0.384199951781563
중구_저동2가,지반,-0.41885426702091433
중구_저동2가,침수,-0.018934088198020886
중구_저동2가,지하 공사,0.14426685507688738
중구_저동2가,하수관,-0.9184306296922059
중구_저동2가,지하시설물,-0.4401919189727821
중구_정동,지반,-0.40827725782910124
중구_정동,침수,-0.0299790400827359
중구_정동,지하 공사,-0.2841307459053706
중구_정동,하수관,-0.5458561838879076
중구_정동,지하시설물,0.7584490821626675
중구_주교동,지반,-0.40827725782910124
중구_주교동,침수,-0.0299790400827359
중구_주교동,지하 공사,-0.2841307459053706
중구_주교동,하수관,-0.5458561838879076
중구_주교동,지하시설물,0.7584490821626675
중구_주자동,지반,-0.6485643308357302
중구_주자동,침수,-0.008397299812766722
중구_주자동,지하 공사,-0.2569765768578953
중구_주자동,하수관,-0.6832695721128379
중구_주자동,지하시설물,-0.384199951781563
중구_중림동,지반,-0.3519095383675897
중구_중림동,침수,-0.025591627046264383
중구_중림동,지하 공사,0.6271144476303229
중구_중림동,하수관,-0.8584632143245148
중구_중림동,지하시설물,-0.40879945671587553
중구_초동,지반,-0.6485643308357302
중구_초동,침수,-0.008397299812766722
중구_초동,지하 공사,-0.2569765768578953
중구_초동,하수관,-0.6832695721128379
중구_초동,지하시설물,-0.384199951781563
중구_충무로1가,지반,-0.6485643308357302
중구_충무로1가,침수,-0.008397299812766722
중구_충무로1가,지하 공사,-0.2569765768578953
중구_충무로1가,하수관,-0.6832695721128379
중구_충무로1가,지하시설물,-0.384199951781563
중구_충무로2가,지반,-0.202634706012744
중구_충무로2가,침수,-0.04051453578171163
중구_충무로2가,지하 공사,0.21700042812596515
중구_충무로2가,하수관,-0.7535461312061811
중구_충무로2가,지하시설물,0.77397255428225
중구_충무로3가,지반,-0.3857248424621531
중구_충무로3가,침수,-0.01893279551174245
중구_충무로3가,지하 공사,0.2595573777085383
중구_충무로3가,하수관,-0.8901914417314015
중구_충무로3가,지하시설물,-0.4234390485775545
중구_충무로4가,지반,-0.3499899490356041
중구_충무로4가,침수,-0.025965910602850178
중구_충무로4가,지하 공사,0.9684153557709774
중구_충무로4가,하수관,-0.8550870394250011
중구_충무로4가,지하시설물,-0.40491100297076366
중구_충무로5가,지반,-0.6485643308357302
중구_충무로5가,침수,-0.008397299812766722
중구_충무로5가,지하 공사,-0.2569765768578953
중구_충무로5가,하수관,-0.6832695721128379
중구_충무로5가,지하시설물,-0.384199951781563
중구_충정로1가,지반,-0.6485643308357302
중구_충정로1가,침수,-0.008397299812766722
중구_충정로1가,지하 공사,-0.2569765768578953
중구_충정로1가,하수관,-0.6832695721128379
중구_충정로1가,지하시설물,-0.384199951781563
중구_태평로1가,지반,-0.6485643308357302
중구_태평로1가,침수,-0.008397299812766722
중구_태평로1가,지하 공사,-0.2569765768578953
중구_태평로1가,하수관,-0.6832695721128379
중구_태평로1가,지하시설물,-0.384199951781563
중구_태평로2가,지반,-0.6485643308357302
중구_태평로2가,침수,-0.008397299812766722
중구_태평로2가,지하 공사,-0.2569765768578953
중구_태평로2가,하수관,-0.6832695721128379
중구_태평로2가,지하시설물,-0.384199951781563
중구_필동1가,지반,-0.6485643308357302
중구_필동1가,침수,-0.008397299812766722
중구_필동1가,지하 공사,-0.2569765768578953
중구_필동1가,하수관,-0.6832695721128379
중구_필동1가,지하시설물,-0.384199951781563
중구_필동2가,지반,-0.40233388554261734
중구_필동2가,침수,-0.0299790400827359
중구_필동2가,지하 공사,-0.3117154583638139
중구_필동2가,하수관,-0.5552753640352422
중구_필동2가,지하시설물,0.8213359846839332
중구_필동3가,지반,-0.6485643308357302
중구_필동3가,침수,-0.008397299812766722
중구_필동3가,지하 공사,-0.2569765768578953
중구_필동3가,하수관,-0.6832695721128379
중구_필동3가,지하시설물,-0.384199951781563
중구_황학동,지반,-0.6485643308357302
중구_황학동,침수,-0.008397299812766722
중구_황학동,지하 공사,-0.2569765768578953
중구_황학동,하수관,-0.6832695721128379
중구_황학동,지하시설물,-0.384199951781563
중구_회현동1가,지반,-0.6485643308357302
중구_회현동1가,침수,-0.008397299812766722
중구_회현동1가,지하 공사,-0.2569765768578953
중구_회현동1가,하수관,-0.6832695721128379
중구_회현동1가,지하시설물,-0.384199951781563
중구_회현동2가,지반,-0.6485643308357302
중구_회현동2가,침수,-0.008397299812766722
중구_회현동2가,지하 공사,-0.2569765768578953
중구_회현동2가,하수관,-0.6832695721128379
중구_회현동2가,지하시설물,-0.384199951781563
중구_회현동3가,지반,-0.6485643308357302
중구_회현동3가,침수,-0.008397299812766722
중구_회현동3가,지하 공사,-0.2569765768578953
중구_회현동3가,하수관,-0.6832695721128379
중구_회현동3가,지하시설물,-0.384199951781563
중구_흥인동,지반,-0.40827725782910124
중구_흥인동,침수,-0.0299790400827359
중구_흥인동,지하 공사,-0.2841307459053706
중구_흥인동,하수관,-0.5458561838879076
중구_흥인동,지하시설물,0.7584490821626675
중랑구_망우동,지반,-0.4310220512640154
중랑구_망우동,침수,-0.01477629521091237
중랑구_망우동,지하 공사,1.3539255182473593
중랑구_망우동,하수관,0.3507778029378753
중랑구_망우동,지하시설물,-0.3335141258633355
중랑구_면목동,지반,0.06427490945760043
중랑구_면목동,침수,-0.03673361172374578
중랑구_면목동,지하 공사,1.0883324119244764
중랑구_면목동,하수관,0.26308397012013485
중랑구_면목동,지하시설물,0.5595213959702089
중랑구_묵동,지반,0.054360876898261024
중랑구_묵동,침수,-0.029652935457246822
중랑구_묵동,지하 공사,0.5876689156458581
중랑구_묵동,하수관,0.23966032985985433
중랑구_묵동,지하시설물,0.4582046101144724
중랑구_상봉동,지반,0.016989836006451153
중랑구_상봉동,침수,-0.03371736708143545
중랑구_상봉동,지하 공사,1.1546051080912205
중랑구_상봉동,하수관,0.18718372404601868
중랑구_상봉동,지하시설물,0.41363623146385253
중랑구_신내동,지반,0.005853844993485999
중랑구_신내동,침수,-0.03673231903746734
중랑구_신내동,지하 공사,0.9786979931478005
중랑구_신내동,하수관,0.19929500292559402
중랑구_신내동,지하시설물,0.5764907350872319
중랑구_중화동,지반,0.0786195200611606
중랑구_중화동,침수,-0.028235841202695795
중랑구_중화동,지하 공사,-0.37645187159283044
중랑구_중화동,하수관,0.024066010171392926
중랑구_중화동,지하시설물,0.39499169664572215
